artist_id,artist_name,followers,genres,popularity
0du5cEVh5yTK9QJze8zA0C,Bruno Mars,51818154,"['dance pop', 'pop']",88
4IWBUUAFIplrNtaOHcJPRM,James Arthur,13911191,"['pop', 'talent show', 'uk pop']",81
69GGBxA162lTqCwzJG5jLp,The Chainsmokers,20561151,['pop'],79
04gDigrS5kc9YWfZHwBETP,Maroon 5,41850208,['pop'],84
5p7f24Rk5HkUZsaS3BLG5F,Hailee Steinfeld,8937852,['pop'],69
2wUjUUtkb5lvLKcGKsKqsR,Alessia Cara,11933562,"['canadian contemporary r&b', 'canadian pop', 'pop']",73
540vIaP2JwjQb9dm3aArA4,DJ Snake,8793514,"['edm', 'electronic trap', 'pop', 'pop dance']",76
1Xyo4u8uXC1ZmMpatF05PJ,The Weeknd,73140056,"['canadian contemporary r&b', 'canadian pop', 'pop']",94
46GXASE9LHzyssNqKOInUu,Dawin,229482,['nyc pop'],49
738wLrAtLtCtFOLvQBXOXp,Major Lazer,6389948,"['dance pop', 'edm', 'electro house', 'moombahton', 'pop', 'pop dance']",74
1HBjj22wzbscIZ9sEb5dyf,Jonas Blue,3863024,"['pop', 'pop dance', 'tropical house', 'uk dance']",74
6TIYQ3jFPwQSRmorSezPxX,Machine Gun Kelly,5161770,"['ohio hip hop', 'pop rap']",76
5ZsFI1h6hIdQRw2ti0hz81,ZAYN,22860487,"['pop', 'uk pop']",75
7gAppWoH7pcYmphCVTXkzs,The Vamps,5852682,"['boy band', 'pop']",66
60d24wfXkVzDSfLS6hyCjZ,Martin Garrix,15923598,"['dutch edm', 'edm', 'pop', 'pop dance', 'progressive house']",75
66CXWjxzNUsdJxJ2JdwvnR,Ariana Grande,94680753,['pop'],87
02A3cEvlLLCbIMVDrK2GHV,Starley,208990,['aussietronica'],53
2oX42qP5ineK3hrhBECLmj,Andy Grammer,1182713,"['neo mellow', 'post-teen pop', 'viral pop']",68
7n2wHs1TKAczGzO7Dd2rGr,Shawn Mendes,42773536,"['canadian pop', 'pop', 'viral pop']",82
6MDME20pz9RveH9rEXvrOM,Clean Bandit,5329315,"['pop', 'uk dance', 'uk funky']",73
0jKQrxK2zHqxyOAyIMrUQt,SUD,652529,['opm'],51
6VuMaDnrHyPL1p4EHjYLi7,Charlie Puth,21594424,"['pop', 'viral pop']",81
77AiFEVeAVj2ORpC85QVJs,Steve Aoki,3806463,"['dutch house', 'edm', 'electro house', 'pop dance']",71
3e7awlrlDSwF3iM0WBjGMp,Little Mix,11754883,"['girl group', 'pop', 'talent show', 'uk pop']",73
3iri9nBFs9e4wN7PLIetAw,gnash,1600888,['pop'],61
31TPClRtHm23RisEBtV3X7,Justin Timberlake,13416743,"['dance pop', 'pop']",80
7iZtZyCzp3LItcw1wtPI3D,Rae Sremmurd,7382611,"['melodic rap', 'mississippi hip hop', 'pop rap', 'rap', 'trap']",71
3WGpXCj9YhhfX11TToZcXP,Troye Sivan,7958771,"['australian pop', 'pop', 'viral pop']",78
3TVXtAsR1Inumwj472S9r4,Drake,81256295,"['canadian hip hop', 'canadian pop', 'hip hop', 'pop rap', 'rap']",98
6Dd3NScHWwnW6obMFbl1BH,Daya,1524602,"['alt z', 'pop']",67
7nKeLE1toRtW4M279iS26h,Zay Hilfigerrr,63913,['viral trap'],40
4nGp682WMiKS4X217kPw8C,Silent Sanctuary,3437545,['opm'],63
2LZDXcxJWgsJfKXZv9a5eG,Cashmere Cat,323864,"['downtempo', 'electropop', 'shiver pop']",52
3tQx1LPXbsYjE9VwN1Peaa,Marc E. Bassy,417693,['indie pop rap'],58
6lB8vOoI4DRrrVxXwuV19c,Mike Perry,1550099,"['pop dance', 'swedish tropical house']",64
50JJSqHUf2RQ9xsHs0KMHg,Jon Bellion,1385828,['indie pop rap'],65
3wbCeEPAW6po7J46netxMT,Up Dharma Down,1044582,['opm'],60
0q4NrXqJnc367PieejuROJ,Vice,20390,['chicano rap'],40
6eUKZXaKkcviH0Ku9w2n3V,Ed Sheeran,115746854,"['pop', 'singer-songwriter pop', 'uk pop']",88
0rZRTXEmmPmx6gt92tBqIc,Moira Dela Torre,9756117,['opm'],66
3r3Rkuc4jmZHXgchgaXwnv,Suzi,10224,[],43
15NtJjjHRFybdNSMyM9smT,Nevada,15600,[],44
7CajNmpbOovFoOoasH2HaY,Calvin Harris,23701054,"['dance pop', 'edm', 'electro house', 'house', 'pop', 'pop dance', 'progressive house', 'uk dance']",85
1l8Fu6IkuTP0U5QetQJ5Xt,Fifth Harmony,16302319,"['girl group', 'pop', 'talent show']",68
1vg8YXdgvLLPPeXZkM7g5W,Daryl Ong,706598,['opm'],47
1Xylc3o4UrD53lo9CvFvVg,Zara Larsson,10445737,"['pop', 'scandipop', 'swedish electropop', 'swedish pop']",76
0NGAZxHanS9e0iNHpR8f2W,Alok,12268440,"['electro house', 'pop nacional', 'sertanejo universitario', 'slap house']",78
787bCXOIvGeBw0Bc4kEjhD,Luke Christopher,172449,['indie pop rap'],45
0DnjaQqb436AH1idffI6CQ,Yeng Constantino,2798639,['opm'],53
1uNFoZAHBGtllmzznpCI3s,Justin Bieber,74796155,"['canadian pop', 'pop']",88
1t2caVgyabZrVDAlmMGraV,Michael Pangilinan,1674312,['opm'],52
3Gm5F95VdRxW3mqCn8RPBJ,Aminé,1894525,"['pop rap', 'portland hip hop', 'rap', 'underground hip hop']",68
2KsP6tYLJlTBvSUxnwlVWa,Mike Posner,1382706,"['dance pop', 'pop', 'pop dance', 'pop rap']",68
25u4wHJWxCA9vO0CzxAbK7,Lukas Graham,2153347,"['danish pop', 'scandipop']",70
05o1zW8b6PV6rEquXr74sB,State of Sound,46676,['swedish tropical house'],35
5y2Xq6xcjJb2jVM54GHK3t,John Legend,6627462,"['neo soul', 'pop', 'pop soul', 'urban contemporary']",74
5WUlDfRSoLAfcVSX1WnrxN,Sia,27198137,"['australian dance', 'australian pop', 'pop']",83
4BNWanhw4AjSXjBm9L1Jzy,Juris,790734,['opm'],49
6T5tfhQCknKG4UnH90qGnz,DNCE,4619560,"['dance pop', 'pop']",67
2kZThDGZcHl4klYYFk0v8n,Moonstar88,1052260,['opm'],54
4dpARuHxo51G3z768sgnrY,Adele,52114291,"['british soul', 'pop', 'pop soul', 'uk pop']",85
4qzcg58jZdJ9ujEI6Cs3Ad,Krissy,14995,['opm'],28
0bdfiayQAKewqEvaU6rXCv,MØ,1460033,"['dance pop', 'danish pop', 'electropop', 'pop dance']",69
6JL8zeS1NmiOftqZTRgdTz,Meghan Trainor,14114257,"['hip pop', 'pop']",76
3t5xRXzsuZmMDkQzgOX35S,Robin Schulz,3112483,"['deep euro house', 'deep house', 'edm', 'german dance', 'pop dance', 'tropical house']",77
4gzpq5DPGxSnKTe4SA8HAU,Coldplay,47861634,"['permanent wave', 'pop']",87
7vk5e3vY1uw9plTHJAMwjN,Alan Walker,39823999,['electro house'],80
5M0lbkGluOPXLeFjApw8r8,DRAM,846259,"['pop rap', 'trap', 'underground hip hop', 'viral trap', 'virginia hip hop']",58
3YQKmKGau1PzlVlkL1iodx,Twenty One Pilots,24165862,"['modern rock', 'pop', 'pov: indie', 'rock']",79
6aiCKnIN68hohzU3ZzNq48,Sarah Geronimo,3659707,['opm'],56
2tQbSWgZLIB8MXMnsXVRro,Nina,678820,['opm'],54
2JEIN1g27pZdm3hKB9EwE5,Mark Carpio,180691,['opm'],52
5elcNQkZ6FCZA3grSOMngY,MYMP,1165050,['opm'],58
6d47Z08T4snK50HgTEHo5Z,Sage The Gemini,867797,"['hyphy', 'pop rap', 'southern hip hop', 'trap']",62
6gK1Uct5FEdaUWRWpU4Cl2,Petit Biscuit,950365,['new french touch'],60
6ZgBJRjJsK1iOJGKGZxEUv,South Border,1035498,['opm'],55
24fEOzlKhgSNLIcy9NdmwH,James Reid,336959,"['deep neofolk', 'opm', 'pinoy r&b']",52
3nZa8vRD64ueq3d0JNYTsl,6cyclemind,1316159,['opm'],52
5pKCCKE2ajJHZ9KAiaK11H,Rihanna,58519674,"['barbadian pop', 'pop', 'urban contemporary']",89
6s22t5Y3prQHyaHWUN1R1C,AJR,3062719,['pov: indie'],72
2wY79sveU1sp5g7SokKOiI,Sam Smith,23305949,"['pop', 'uk pop']",84
4NeCu267LZemnoq44lZYKy,Julie Anne San Jose,819507,['opm'],49
21E3waRsmPlU7jZsS13rcj,Ne-Yo,8395306,"['dance pop', 'pop', 'r&b', 'urban contemporary']",78
0ekbDNE2eOq8QiaXM34wer,Howie Day,333157,"['neo mellow', 'pop rock']",52
2GqX0GnrKdi6Z2X2OReYOK,Piolo Pascual,234395,['opm'],39
0jarApAsbmiCkYhz0590mE,Freestyle,310129,['opm'],56
1Hsdzj7Dlq2I7tHP7501T4,Niall Horan,9859775,['pop'],75
3C4t1usFGoKHCSRdujm2GN,Ryan Cabrera,92323,"['idol', 'neo mellow']",44
2Hjj68yyUPiC0HKEOigcEp,Jesse McCartney,1006958,"['dance pop', 'pop', 'post-teen pop']",57
4AK6F7OLvEQ5QYCBNiQWHq,One Direction,33695466,"['boy band', 'pop', 'post-teen pop', 'talent show']",83
6ydoSd3N2mwgwBHtF6K7eX,Calum Scott,5391421,['pop'],75
0EmeFodog0BfCgMzAIvKQp,Shakira,31914448,"['colombian pop', 'dance pop', 'latin pop', 'pop']",87
3wjsrpfO6odEphTZWx45RQ,Hearts & Colors,142198,['channel pop'],46
2sil8z5kiy4r76CRTXxBCA,The Goo Goo Dolls,2643596,"['neo mellow', 'permanent wave', 'pop rock', 'post-grunge']",70
0jNDKefhfSbLR9sFvcPLHo,San Holo,693192,"['brostep', 'edm', 'electro house', 'electronic trap', 'future bass', 'pop dance']",57
64M6ah0SkkRsnPGtGiRAbb,Bebe Rexha,8592883,"['dance pop', 'pop']",80
3AQRLZ9PuTAozP28Skbq8V,The Script,8135905,"['celtic rock', 'pop']",73
2mxe0TnaNL039ysAj51xPQ,R. Kelly,2546163,[],65
5oWOx0BBDSMoFB8JDrjQre,Katharine McPhee,205185,['idol'],48
55fhWPvDiMpLnE4ZzNXZyW,Noah Cyrus,1221003,"['alt z', 'pop']",70
6oMuImdp5ZcFhWP0ESe6mG,Migos,13585531,"['atl hip hop', 'hip hop', 'pop rap', 'rap', 'trap']",76
5H6xmHXjsq98NLbEjuE29f,NEIKED,169818,['scandipop'],61
6w7j5wQ5AI5OQYlcM15s2L,Extreme,561131,"['funk metal', 'glam metal', 'hard rock']",61
1anyVhU62p31KFi8MEzkbf,Chance the Rapper,5954791,"['chicago rap', 'conscious hip hop', 'hip hop', 'pop rap', 'rap']",72
02kJSzxNuaWGqwubyUba0Z,G-Eazy,5225795,"['indie pop rap', 'oakland hip hop', 'pop rap', 'rap']",75
6X9aYHnQ75YI8o08aoa0iS,Boyzone,1093854,['boy band'],57
4ehtJnVumNf6xzSCDk8aLB,Martin Jensen,1402395,"['danish electronic', 'edm', 'pop dance']",63
0t7vWPRBcVv4xBEHPZHSWA,Sitti,81713,[],46
1vSN1fsvrzpbttOYGsliDr,Tori Kelly,2153144,"['pop', 'post-teen pop']",65
5ILrArfIV0tMURcHJN8Q07,Vanessa Carlton,609285,"['lilith', 'neo mellow', 'piano rock', 'pop rock', 'post-teen pop']",62
6dC0rIJNLSFZwqckLgXJ8p,Timeflies,331488,['indie pop rap'],49
69ug07KFFRhcCZ7iZ1Mn1i,Bailey May,60425,['opm'],32
2Rf4X6m0oayCJhaJ5K63GQ,Nathan Sykes,473604,"['post-teen pop', 'talent show', 'teen pop']",54
5X4LWwbUFNzPkEas04uU82,DVBBS,1059793,"['canadian electronic', 'dutch house', 'edm', 'electro house', 'pop dance', 'progressive electro house', 'slap house']",60
0C8ZW7ezQVs4URX5aX7Kqx,Selena Gomez,46002799,"['pop', 'post-teen pop']",83
36jaGQtMj5UWD0eO1fCVdD,Joel Adams,191273,"['australian pop', 'pop soul']",52
5PokPZn11xzZXyXSfnvIM3,Lifehouse,1987047,"['neo mellow', 'pop rock', 'post-grunge']",63
5aMmmNxw4vgpc5XC6hK0zp,The Calling,741343,"['neo mellow', 'pop rock']",61
2FwJwEswyIUAljqgjNSHgP,Snakehips,358278,"['electropop', 'uk dance']",61
0AJUYWKztkg5dnrHDIBv47,MiC LOWRY,49409,[],32
4phGZZrJZRo4ElhRtViYdl,Jason Mraz,7325418,"['acoustic pop', 'dance pop', 'neo mellow', 'pop']",72
7374lH6kwx9uQATYQ9H3Cp,Eraserheads,3731351,"['opm', 'pinoy reggae']",63
6aZyMrc4doVtZyKNilOmwu,Colbie Caillat,2517719,"['dance pop', 'neo mellow', 'pop']",68
3RpJ6OyOnaXRFRXSirgQa6,Jericho Rosales,114825,['opm'],43
6wPhSqRtPu1UhRCDX5yaDJ,The Pussycat Dolls,5544162,"['dance pop', 'girl group', 'pop']",68
2WzaAvm2bBCf4pEhyuDgCY,Ruth B.,3127310,"['alt z', 'canadian contemporary r&b', 'canadian pop', 'pop']",72
7xEFii6utZmQ61kX59HmLH,FRENSHIP,193622,"['electropop', 'indie poptimism', 'la pop']",53
7DW4ijH3n36QN0RlC0n649,Angeline Quinto,649601,['opm'],52
5lXfVoQxVgC5fpjkVqvNYn,Isaiah Firebrace,55079,['australian pop'],43
4PVn1b2WnnXdq80C7uaZLZ,Nause,194064,[],42
0jnsk9HBra6NMjO2oANoPY,Flo Rida,8998810,"['dance pop', 'miami hip hop', 'pop', 'pop rap']",77
0hEurMDQu99nJRq8pTxO14,John Mayer,5985335,"['neo mellow', 'singer-songwriter']",76
7H55rcKCfwqkyDFH9wpKM6,Christina Perri,3738275,['pop'],70
1Fr6agZ6iSM5Ynn2k4C8sc,VÉRITÉ,316751,"['alt z', 'brooklyn indie', 'dark pop', 'electropop', 'indie poptimism', 'metropopolis', 'nyc pop', 'vapor pop']",46
5BAyYwbv8OSfqeXMjPgWX6,Toni Gonzaga,800970,"['opm', 'papuri']",47
0DdDnziut7wOo6cAYWVZC5,KREAM,253717,['pop dance'],57
6Ww3OMFzCaO33ulKh1LBFN,Hale,996274,"['opm', 'pinoy reggae']",60
2nZ18B9RTjJH56v2NTnNAI,Leanne & Naara,66590,"['pinoy city pop', 'pinoy indie']",46
6nxWCVXbOlEVRexSbLsTer,Flume,2420663,"['australian dance', 'australian electropop', 'australian indie', 'downtempo', 'edm', 'indietronica']",70
4TH4BHy0LdBi3dpBW4P2UX,R. City,146418,"['reggae fusion', 'virgin islands reggae']",61
5mnS9jJdKQQcRSqFu5YPVe,Auli'i Cravalho,118456,['movie tunes'],65
2LJxr7Pt3JnP60eLxwbDOu,Mandy Moore,708038,"['dance pop', 'europop', 'idol', 'neo mellow', 'post-teen pop']",63
0lzV2CiahHRiGd6qpADtPS,James Hersey,54319,[],46
4bYPcJP5jwMhSivRcqie2n,Adam Levine,1010768,['deep talent show'],71
62WbvkXqQGvXQvw74GU3kQ,Morissette,1124483,['opm'],51
0gadJ2b9A4SKsB1RFkBb66,Passenger,3264693,"['folk-pop', 'neo mellow']",70
6jJ0s89eD6GaHleKKya26X,Katy Perry,29985389,['pop'],83
5mNum7eUoqWS6NBo91NYHP,Abra,22970,[],8
0AuZVHIr5WSEBbBLZwWwWc,Charice,183848,[],47
2MqhkhX4npxDZ62ObR5ELO,Hoobastank,2462087,"['alternative metal', 'funk metal', 'nu metal', 'pop rock', 'post-grunge']",66
6jV25rzTKQ2zMgrqHha1V5,CHANYEOL,1845658,['k-pop'],59
7KMqksf0UMdyA0UCf4R3ux,James Blunt,2886995,['neo mellow'],70
0zOcE3mg9nS6l3yxt1Y0bK,The Fray,4034736,"['neo mellow', 'piano rock', 'pop', 'pop rock']",68
4kYGAK2zu9EAomwj3hXkXy,JP Cooper,880408,['uk pop'],65
6vWDO969PvNqNYHIOW5v0m,Beyoncé,36307222,"['pop', 'r&b']",85
7xTcuBOIAAIGDOSvwYFPzk,Daniel Powter,260633,"['canadian pop', 'neo mellow', 'pop rock']",58
11hIqBsGRPztdjBHCSLClX,Daniel Bedingfield,201597,"['europop', 'talent show']",52
4KOFxteqSAveWCElBVijTy,Joshua Garcia,34988,[],18
1mcqfNCReSFxun2vIWvC28,KZ Tandingan,955414,['opm'],51
719ZCUqy59oGckcB1MzVTx,The Company,23687,[],38
4HOEnLufwAqJ2qoJPVnL01,Callalily,1711669,['opm'],53
7HJDRQAfEcFiARVehhM6qD,Gloc-9,1377361,"['opm', 'pinoy hip hop', 'pinoy trap']",60
6xfqnpe2HnLVUaYXs2F8YS,Anna Kendrick,346430,"['hollywood', 'movie tunes']",63
5JZ7CnR6gTvEMKX4g70Amv,Lauv,6019315,['pop'],77
1HY2Jd0NmPuamShAr6KMms,Lady Gaga,28284092,"['art pop', 'dance pop', 'pop']",84
4EzkuveR9pLvDVFNx6foYD,James Bay,3981434,"['neo mellow', 'pop', 'uk pop']",69
188VINPQh5dyNfLUkevKqf,Olivia Holt,1144126,['post-teen pop'],45
7hOGhpa8RMSuDOWntGIAJt,A R I Z O N A,418197,"['electropop', 'indie poptimism']",58
3zrUX1hQrUB9aXcOiyQLmN,Stanaj,60627,[],40
6kXm2YCtdUOpRYNKeKhfue,Ryan Gosling,167563,['hollywood'],65
3rIZMv9rysU7JkLzEaC5Jp,Snow Patrol,2906639,"['irish rock', 'modern rock', 'neo mellow', 'permanent wave', 'pop rock']",67
0ZED1XzwlLHW4ZaG4lOT6m,Julia Michaels,5113233,['pop'],73
0XOSmu9Qn1agQULUVe0dAK,Inigo Pascual,501249,['opm'],43
49tQo2QULno7gxHutgccqF,LANY,5683995,['la pop'],73
6aLdhHUqgdKE86xbtNmY8g,Crush,1169656,"['k-pop', 'korean r&b']",64
64KEffDW9EtZ1y2vBYgq8T,Marshmello,35432413,"['brostep', 'edm', 'pop', 'progressive electro house']",82
1XLjkBxFokuDTlHt0mQkRe,Thomas Gold,170031,"['big room', 'dutch house', 'edm', 'electro house', 'german techno', 'pop dance', 'progressive electro house', 'progressive house']",47
6O74knDqdv3XaWtkII7Xjp,Boyz II Men,2901546,"['boy band', 'contemporary r&b', 'new jack swing', 'r&b', 'urban contemporary']",64
4lDBihdpMlOalxy1jkUbPl,Grey,73049,['pop edm'],64
1tXFYQZSAswt4JLB42lpye,Sponge Cola,1375352,"['opm', 'pinoy reggae']",54
4V8Sr092TqfHkfAA5fXXqG,Luis Fonsi,11293908,"['latin pop', 'puerto rican pop']",73
4U78sK2D3zASSB6oSR38GQ,Christian Bautista,487095,['opm'],49
3DiDSECUqqY1AuBP8qtaIa,Alicia Keys,11175157,"['neo soul', 'pop', 'r&b']",76
58MLl9nC29IXbE4nEtuoP2,Alex & Sierra,1172714,"['pop', 'post-teen pop']",57
53XhwfbYqKCa1cC15pYq2q,Imagine Dragons,50857379,"['modern rock', 'pop', 'rock']",86
5338fdSzGNOFD4cxAxDTeq,Aaron Carter,328639,['post-teen pop'],42
0c173mlxpT3dSFRgMO8XPh,Big Sean,11210413,"['detroit hip hop', 'hip hop', 'pop rap', 'r&b', 'rap', 'trap']",76
59mvY7ziUSNoyIGgErHemV,Mikkel Storleer Eriksen,274,[],18
4Rxn7Im3LGfyRkY2FlHhWi,Nick Jonas,9501118,"['dance pop', 'pop']",64
7LVPSD4kabI5LiXIVPI8tn,Jona,129160,['opm'],41
74KM79TiuVKeVCqs8QtB0B,Sabrina Carpenter,6167413,['pop'],78
1DZGAZcaTA32eLJELEsjXY,Kiana V,50071,['pinoy indie'],40
4qBgvVog0wzW75IQ48mU7v,KYLE,1046075,"['deep underground hip hop', 'indie pop rap', 'meme rap', 'pop r&b', 'pop rap', 'viral trap']",62
2yEkZBBjhzKzt6LF5XMaFi,Blue,599319,['boy band'],59
1GxkXlMwML1oSg5eLPiAz3,Michael Bublé,6027426,"['adult standards', 'canadian pop', 'jazz pop', 'lounge']",73
3Nrfpe0tUJi4K4DXYWgMUX,BTS,70520914,"['k-pop', 'k-pop boy group', 'pop']",87
0dtmYDbYpwcdHPBI1OJatT,Hugh Grant,7749,['hollywood'],44
5rSXSAkZ67PYJSvpUpkOr7,Backstreet Boys,5422799,"['boy band', 'dance pop', 'pop']",74
2XMxHczWkSzDDFhiC3zt8k,Marié Digby,76380,['lilith'],36
0L6Gwm0JDrgIQJfjarWSUR,Edwin McCain,319421,"['neo mellow', 'pop rock']",52
0AvtzKTYleNqdJXoZasQWG,Stephen Speaks,167268,['opm'],53
6Ff53KvcvAj5U7Z1vojB5o,*NSYNC,2144180,"['boy band', 'dance pop', 'pop']",70
0lJlKQvuM2Sd9DPPyUXcHg,Sixpence None The Richer,476305,"['lilith', 'pop rock']",64
0X2BH1fck6amBIoJhDVmmJ,Ellie Goulding,12406294,"['indietronica', 'metropopolis', 'pop', 'uk pop']",79
3QLIkT4rD2FMusaqmkepbq,Rachel Platten,890970,"['post-teen pop', 'viral pop']",61
3z0IVhtuFvt9VYUZGT98PU,Jay R,173604,['opm'],44
5Pwc4xIPtQLFEnJriah9YJ,OneRepublic,16433012,"['piano rock', 'pop']",82
3FUY2gzHeIiaesXtOAdB7A,Train,4378924,"['dance pop', 'neo mellow', 'pop', 'pop rock']",72
0xNog7ZdcTq9sJFiIXJJTH,Kaye Cal,572366,['opm'],44
246dkjvS1zLTtiykXe5h60,Post Malone,42528100,"['dfw rap', 'melodic rap', 'pop', 'rap']",89
23fqKkggKUBHNkbKtXEls4,Kygo,8468761,"['edm', 'pop', 'pop dance', 'tropical house']",77
6XyY86QOPPrYVGvF9ch6wz,Linkin Park,24695072,"['alternative metal', 'nu metal', 'post-grunge', 'rap metal', 'rock']",84
09DdQEMQaaq0f99vqqub3V,krissy & ericka,29837,"['acoustic opm', 'p-pop']",45
00FQb4jTyendYWaN8pK0wa,Lana Del Rey,28864137,"['art pop', 'pop']",90
2qxJFvFYMEDqd7ui6kSAcq,Zedd,6024757,"['complextro', 'edm', 'german techno', 'pop', 'pop dance']",73
07YZf4WDAMNwqr4jfgOZ8y,Jason Derulo,12004371,"['dance pop', 'pop']",78
2kucQ9jQwuD8jWdtR9Ef38,Sam Hunt,2323469,"['contemporary country', 'country', 'country pop', 'modern country rock']",69
1bqxdqvUtPWZri43cKHac8,MAX,839339,"['singer-songwriter pop', 'teen pop', 'viral pop']",66
163tK9Wjr9P9DmM0AVK7lm,Lorde,10021142,"['art pop', 'metropopolis', 'nz pop', 'pop']",75
1RyvyyTE3xzB2ZywiAwp0i,Future,15107683,"['atl hip hop', 'hip hop', 'rap', 'southern hip hop', 'trap']",89
6LuN9FCkKOj5PcnpouEgny,Khalid,16235711,"['pop', 'pop r&b']",83
1xHQO9GJIW9OXHxGBISYc5,Marian Hill,466529,['electropop'],51
4Q6nIcaBED8qUel8bBx6Cr,Jax Jones,1146865,"['dance pop', 'edm', 'house', 'pop dance', 'uk dance', 'uk pop']",72
5yVM85m9yNcHO6o0vaaVxW,Daniel Padilla,518070,['opm'],52
4S9EykWXhStSc15wEx8QFK,Céline Dion,7791027,['canadian pop'],73
4N3cNXg5phUzRzuJYYxQlV,Emma Watson,81035,['movie tunes'],49
4tB1f1h4TQqDz4bNaibMpl,Emma Thompson,4551,"['movie tunes', 'show tunes']",48
5lLVsxABqSuosfqAoLQeXV,Dan Stevens,6556,['movie tunes'],46
105Paee9vmV5rfLSG652e1,Ewan McGregor,39378,"['hollywood', 'movie tunes']",52
1Cs0zKBU1kc0i8ypK3B9ai,David Guetta,26783858,"['big room', 'dance pop', 'edm', 'pop', 'pop dance']",87
6M2wZ9GZgrQXHCFfjv46we,Dua Lipa,42016557,"['dance pop', 'pop', 'uk pop']",86
2MoxYOhy9ooC8KRcdgIFif,Leroy Styles,4263,['dutch edm'],26
7DMveApC7UnC2NPfPvlHSU,Cheat Codes,2202165,"['edm', 'pop', 'pop dance']",66
2YZyLoL8N0Wb9xBt1NhZWg,Kendrick Lamar,25718009,"['conscious hip hop', 'hip hop', 'rap', 'west coast rap']",87
0uGk2czvcpWQA383Im6ajf,Maggie Lindemann,2036466,"['alt z', 'dark pop', 'pop']",61
6KImCVD70vtIoJWnq6nGn3,Harry Styles,29777685,['pop'],85
26VFTg2z8YR0cCuwLzESi2,Halsey,21098533,"['electropop', 'etherpop', 'indie poptimism', 'pop']",81
2cFrymmkijnjDg9SS92EPM,blackbear,4892086,['pop'],75
4u5smJBskI6Adzv08PuiUP,Kiiara,930163,"['alt z', 'electropop']",58
74XFHRwlV6OrjEM0A2NCMF,Paramore,8136821,"['candy pop', 'modern rock', 'pixie', 'pop', 'pop emo', 'pop punk', 'rock']",78
7ygtjsCTrCQZAYYPOne9uE,Erik Santos,723544,['opm'],49
6ltzsmQQbmdoHHbLZ4ZN25,Lord Huron,1344683,"['indie folk', 'stomp and holler']",73
4TrraAsitQKl821DQY42cZ,Sigrid,685206,['norwegian pop'],60
0QHgL1lAIqAw0HtD7YldmP,DJ Khaled,10582816,"['hip hop', 'miami hip hop', 'pop rap', 'rap']",76
6vXTefBL93Dj5IqAWq6OTv,French Montana,5236376,"['hip hop', 'pop rap', 'rap', 'southern hip hop', 'trap']",74
7blkMNJv8n9ceP9zlA4W2U,Shawn Hook,62306,['canadian pop'],41
4xRYI6VqpkE3UwrDrAZL8L,Logic,5960258,"['conscious hip hop', 'hip hop', 'pop rap', 'rap']",74
4O15NlyKLIASxsJ0PrXPfz,Lil Uzi Vert,16055076,"['hip hop', 'melodic rap', 'philly rap', 'rage rap', 'rap']",85
5YGY8feqx7naU7z4HrwZM6,Miley Cyrus,22467123,['pop'],85
5pUo3fmmHT8bhCyHE52hA6,Liam Payne,10350753,['pop'],62
4nDoRrQiYLoBzwC5BhVJzF,Camila Cabello,31902534,"['dance pop', 'pop']",79
4iSU0hKfGnU2nscL5dLi9p,Claudia,25456,['pinoy r&b'],18
73sIBHcqh3Z3NyqHKZ7FOL,Childish Gambino,11577810,"['atl hip hop', 'hip hop', 'rap']",78
5CCwRZC6euC8Odo6y9X8jr,Rita Ora,8381883,"['dance pop', 'pop', 'uk pop']",72
4VkqlQl3hGhxjchI34xp2V,Thyro,12209,['opm'],43
1yxSLGMDHlW21z4YXirZDS,Black Eyed Peas,7781658,"['dance pop', 'pop', 'pop rap']",79
06HL4z0CvFAxyc27GXpf02,Taylor Swift,89490809,['pop'],100
2XnBwblw31dfGnspMIwgWz,Axwell /\ Ingrosso,2478803,"['edm', 'pop dance']",64
20gsENnposVs2I4rQ5kvrf,Sam Feldt,777031,"['edm', 'pop dance', 'tropical house']",70
1IueXOQyABrMOprrzwQJWN,Sigala,1588244,"['dance pop', 'edm', 'pop dance', 'uk dance', 'uk pop']",69
7lIVjtsgz0y1oRQFBAVNzq,Mayonnaise,1457026,"['opm', 'pinoy rock']",58
41MozSoPIsD1dJM0CLPjZF,BLACKPINK,46351574,"['k-pop', 'k-pop girl group', 'pop']",83
00TKPo9MxwZ0j4ooveIxWZ,Loote,217820,"['alt z', 'nyc pop']",55
3JhNCzhSMTxs9WLGJJxWOY,Macklemore,2132959,"['pop rap', 'seattle hip hop']",77
4DTbdShHu2RPYEEMUp2XWV,Anjulie,35495,['canadian pop'],55
6eouuqqGggqDlYRV63cgPo,Secondhand Serenade,994197,"['neon pop punk', 'piano rock', 'pixie', 'pop punk']",55
5lKZWd6HiSCLfnDGrq9RAm,Leona Lewis,3575630,"['british soul', 'dance pop', 'pop', 'talent show']",64
3BmGtnKgCSGYIUhmivXKWX,Kelly Clarkson,10256385,"['dance pop', 'pop', 'talent show']",73
1bj5GrcLom5gZFF5t949Xl,Martin Solveig,1224971,"['disco house', 'edm', 'electro house', 'filter house', 'house', 'pop dance', 'vocal house']",62
6V03b3Y36lolYP2orXn8mV,98º,460036,['boy band'],53
5DK8eK7fjvRsziXzyr3sFA,Moon Taxi,185238,"['indie poptimism', 'modern alternative rock']",49
1vyhD5VmyZ7KMfW5gqLgo5,J Balvin,38118893,"['reggaeton', 'reggaeton colombiano', 'trap latino', 'urbano latino']",85
6LqNN22kT3074XbTVUrhzX,Kesha,7703122,"['dance pop', 'pop']",75
1LOB7jTeEV14pHai6EXSzF,Cash Cash,694209,"['dance pop', 'edm', 'electro house', 'electropowerpop', 'pop dance']",60
6S2OmqARrzebs0tKUEyXyp,Demi Lovato,26375209,"['pop', 'post-teen pop']",78
3cjEqqelV9zb4BYE3qDQ4O,EXO,9846927,"['k-pop', 'k-pop boy group']",71
0Y5tJX1MQlPlqiwlOH1tJY,Travis Scott,24664308,"['hip hop', 'rap', 'slap house']",92
0LyfQWJT6nXafLPZqxe9Of,Various Artists,2255761,[],0
57WHJIHrjOE3iAxpihhMnp,Louis Tomlinson,7046346,['pop'],67
3nFkdlSjzX9mRTtwJOzDYB,JAY-Z,8721840,"['east coast hip hop', 'gangster rap', 'hip hop', 'pop rap', 'rap']",83
6hIZBf6t4Yy8Lrqj7vPYTr,Jake Zyrus,16920,['opm'],20
25uiPmTg16RbhZWAqwLBy5,Charli XCX,3003296,"['art pop', 'candy pop', 'metropopolis', 'pop', 'uk pop']",76
73jBynjsVtofjRpdpRAJGk,Dimitri Vegas & Like Mike,3432974,"['belgian dance', 'belgian edm', 'big room', 'dutch house', 'edm', 'electro house', 'pop dance', 'progressive electro house']",69
1URnnhqYAYcrqrcwql10ft,21 Savage,15185214,"['atl hip hop', 'hip hop', 'rap']",90
5he5w2lnU9x7JFhnwcekXX,Skrillex,8274570,"['brostep', 'complextro', 'edm', 'electro', 'pop dance']",76
1vCWHaC5f2uS3yhpwWbIA6,Avicii,23356284,"['dance pop', 'edm', 'pop', 'pop dance']",80
2XHTklRsNMOOQT56Zm3WS4,Parokya Ni Edgar,3481504,"['opm', 'pinoy reggae']",64
1KCSPY1glIKqW2TotWuXOR,P!nk,16025575,"['dance pop', 'pop']",80
2AQjGvtT0pFYfxR3neFcvz,Jordin Sparks,2387857,"['dance pop', 'pop', 'post-teen pop']",61
7FgMLbnZVrEnir95O0YujA,Five For Fighting,849758,"['neo mellow', 'piano rock', 'pop rock']",56
1YlibpAvhJBbMZMBwN1KGv,The Juans,1106862,"['opm', 'p-pop']",53
3XEHRbR9NMWfNzQ6TQMS9M,Caleb Santos,41493,"['acoustic opm', 'opm']",46
7LvDTuFCBv08xm6u1pOMK0,TJ Monterde,1475850,"['cdo indie', 'opm', 'pinoy singer-songwriter']",61
7tYKF4w9nC0nq9CsPZTHyP,SZA,15227565,"['pop', 'r&b', 'rap']",89
09Xydf4dlkr29dH99DmsvQ,Janine,450781,"['opm', 'pinoy singer-songwriter']",58
1ZTdxfZTeztyAgKUJVLxAI,Rivermaya,1869729,['opm'],58
1PbBg2aYjWLKRk84zJK15x,Echosmith,604431,"['electropop', 'indie poptimism', 'viral pop']",57
4kYSro6naA4h99UJvo89HB,Cardi B,22414190,"['pop', 'rap']",80
7bXgB6jMjp9ATFy66eO08Z,Chris Brown,20784155,"['pop rap', 'r&b', 'rap']",85
20wkVLutqVOYrc0kxFs7rA,Daniel Caesar,4618680,['canadian contemporary r&b'],80
0eecdvMrqBftK0M1VKhaF4,CNCO,9979614,"['boy band', 'latin pop', 'reggaeton', 'urbano latino']",67
3AVfmawzu83sp94QW7CEGm,Astrid S,1313972,"['alt z', 'norwegian pop', 'pop', 'uk pop']",64
4YXycRbyyAE0wozTk7QMEq,Matoma,746593,"['pop dance', 'tropical house']",62
15UsOTVnJzReFVN1VCnxy4,XXXTENTACION,43410091,"['emo rap', 'miami hip hop']",84
4kI8Ie27vjvonwaB2ePh8T,Portugal. The Man,1413559,"['indie rock', 'indietronica', 'modern alternative rock', 'modern rock']",67
7cTXfwpe9peK0UE1bZyIWZ,Pinkfong,248835,"['cartoon', ""children's music"", 'dong-yo']",66
6cEuCEZu7PAE9ZSzLLc2oQ,R3HAB,2529727,"['dutch house', 'edm', 'electro house', 'pop dance', 'progressive electro house', 'slap house']",75
2JyWXPbkqI5ZJa3gwqVa0c,Craig David,876465,"['british soul', 'talent show']",62
6DIS6PRrLS3wbnZsf7vYic,WALK THE MOON,2122407,"['dance rock', 'modern alternative rock', 'modern rock', 'neo mellow', 'pop rock']",67
4UXqAaa6dQYAk18Lv7PEgX,Fall Out Boy,10354326,"['emo', 'modern rock', 'pop', 'rock']",79
2o5jDhtHVPhrJdv3cEQ99Z,Tiësto,7175887,"['big room', 'brostep', 'dutch edm', 'edm', 'house', 'pop dance', 'slap house', 'trance']",83
6fOMl44jA4Sp5b9PpYCkzz,NF,9093721,"['hip hop', 'pop rap']",80
3wyVrVrFCkukjdVIdirGVY,Lil Pump,8026948,"['emo rap', 'miami hip hop', 'pop rap', 'rap', 'trap']",64
2ZRQcIgzPCVaT9XKhXZIzh,Gryffin,944738,"['edm', 'pop dance']",67
3hyEbRtp617pNCuuQjyOmc,Lost Kings,402789,"['pop dance', 'pop edm']",53
2iB7AJhJmkWkkehY9ccB0j,Ex Battalion,2985815,"['opm', 'pinoy hip hop', 'pinoy r&b']",57
7dGJo4pcD2V6oG8kP0tJRR,Eminem,77813302,"['detroit hip hop', 'hip hop', 'rap']",89
7eCmccnRwPmRnWPw61x6jM,shy martin,289801,"['alt z', 'swedish electropop']",59
5dHt1vcEm9qb8fCyLcB3HL,A$AP Ferg,3695712,"['hip hop', 'pop rap', 'rap', 'southern hip hop', 'trap']",70
1z4g3DjTBBZKhvAroFlhOM,Red Velvet,8825224,"['k-pop', 'k-pop girl group']",69
5ebPSE9YI5aLeZ1Z2gkqjn,Clara Benin,139936,"['opm', 'pinoy indie', 'pinoy singer-songwriter']",48
4iHNK0tOyZPYnBU7nGAgpQ,Mariah Carey,9417187,"['dance pop', 'pop', 'urban contemporary']",77
5fMUXHkw8R8eOP2RNVYEZX,Diplo,2592032,"['dance pop', 'edm', 'electro house', 'moombahton', 'pop dance']",77
47z7ZrgFoBvVpCnElCE3Zh,Yellow Claw,1054694,"['dutch house', 'edm', 'electro house', 'pop dance']",61
7FNnA9vBm6EKceENgCGRMb,Anitta,13169686,"['funk pop', 'funk rj', 'pagode baiano', 'pop', 'pop nacional']",78
3EXdLajEO02ziZ90P90bSW,Lil Xan,2355452,['cloud rap'],56
4DdkRBBYG6Yk9Ka8tdJ9BW,Offset,3076144,"['atl hip hop', 'hip hop', 'pop rap', 'rap', 'trap']",79
4GBFKKuwmZUnAJt6nBal7A,Kamikazee,1532058,"['opm', 'pinoy pop punk']",57
1EHAbA1GMYOfkh9ds9eNfS,Jose Mari Chan,384332,"['classic opm', 'opm']",56
2G7VQ1kVhVfNagytlousgm,Al James,1699852,"['opm', 'pinoy alternative rap', 'pinoy hip hop', 'pinoy r&b', 'pinoy trap']",69
4sj6D0zlMOl25nprDJBiU9,Andy Williams,509266,"['adult standards', 'easy listening']",58
5lpH0xAS4fVfLkACg9DAuM,Wham!,2478896,"['new romantic', 'new wave', 'new wave pop', 'soft rock']",68
1GlMjIezcLwV3OFlX0uXOv,Lea Salonga,179251,"['movie tunes', 'tagalog worship']",58
4DAcJXcjX0zlQAZAPAx4Zb,Ben&Ben,8528394,['opm'],68
1zNqDE7qDGCsyzJwohVaoX,Anne-Marie,11313812,['pop'],79
26dSoYclwsYLMAKD3tpOr4,Britney Spears,13033505,"['dance pop', 'pop']",79
0GnuCXvnvVtX5DShryuyp9,Aiza Seguerra,591546,['opm'],48
0RHiqaoRCsFLPeEuj3OQz4,Gary Valenciano,1013121,"['classic opm', 'opm', 'papuri', 'pinoy praise']",51
2H4bbbOohoe9zhqEsiRi7j,ABS-CBN Music All Star,12388,[],50
4cPHsZM98sKzmV26wlwD2W,Brenda Lee,332298,"['adult standards', 'easy listening', 'lounge', 'rockabilly']",57
2iE18Oxc8YSumAU232n4rW,The Jackson 5,1426824,"['motown', 'soul']",65
38EmEgXkgK51MT2tPY0EoC,Bobby Helms,32191,[],51
6sFIWsNpZYqfjUpaCgueju,Carly Rae Jepsen,5263652,"['canadian pop', 'dance pop', 'pop']",72
6ZjFtWeHP9XN7FeKSUe80S,Bing Crosby,466818,"['adult standards', 'easy listening', 'lounge']",57
11W91yRxIo7Mw75LClgrGx,Lyca Gairanod,32153,"['deep talent show', 'opm']",35
2aiQfmxcWSx7RrqSVbhiFX,Maria Aragon,1033,[],36
7vjoSmk5jVvRXNiKIDMox1,Alisah Bonaobra,4051,[],24
0YaTdozvKSQ2UkOTTONmSJ,Rachelle Ann Go,503876,['opm'],49
6jtan6NPL80JFme8IkFiy7,Janice Javier,2651,[],23
7v4imS0moSyGdXyLgVTIV7,Nat King Cole,2121984,"['adult standards', 'easy listening', 'lounge', 'soul', 'swing', 'vocal jazz']",67
1AwO9pWEBSBoWdEZu28XDC,Eartha Kitt,168042,"['torch song', 'vocal jazz']",49
5V0MlUE1Bft0mbLlND7FJz,Ella Fitzgerald,2364121,"['adult standards', 'jazz', 'jazz blues', 'soul', 'swing', 'vocal jazz']",66
4yiQZ8tQPux8cPriYMWUFP,Gwen Stefani,6298976,"['dance pop', 'pop']",72
5EUahD2aecNM2phblhyVFi,Bamboo,7134,[],0
26AHtbjWKiwYzsoGoUZq53,Pentatonix,3633519,"['a cappella', 'viral pop']",64
0SG7a26LiFGt8E0olaIOpx,Acapellago,2839,[],11
7AKHnZVqwXYuUwWJ8UGL5q,Girls' Generation-TTS,612961,"['k-pop', 'k-pop girl group']",38
0SCbttzoZTnLFebDYmAWCm,Glee Cast,1524626,"['glee club', 'post-teen pop']",68
65kpH75MFCBJhLy7qvVl6A,Aegis,238745,"['classic opm', 'opm']",45
3wNylAjJX1PiCpMKx8Lrfp,Regine Velasquez,1720146,['opm'],57
35S20clEkkSNUo23ViaslZ,Band Aid,26319,['musical advocacy'],42
4w9rFB4pUAUO3OloDQ6wn7,Jamie Rivera,139773,"['classic opm', 'opm', 'papuri', 'pinoy praise']",44
1Mxqyy3pSjf8kZZL4QVxS0,Frank Sinatra,6633458,"['adult standards', 'easy listening', 'lounge']",75
2jnIB6XdLvnJUeNTy5A0J2,Why Don't We,3670448,"['boy band', 'pop']",67
0u4G1K1CSzcp5PZ6G6FIGu,Darren Espanto,483548,['opm'],43
3qZNpgS5OAdktfruSjjLeY,Benni Sparks,758,[],11
6Paz0vXJJ9bCPf0fEm3qzg,Dagny,167239,['norwegian pop'],56
0XNvr6bnNywV946ZKaJtr0,Joakim Lundell,134190,['swedish pop'],40
0lslA51eKXwTUY0TSX9Emy,Marion Aunor,34973,['opm'],36
5Xcbv83o11Ez2XPHa1n8Pf,AmPm,53476,['japanese dance pop'],40
62Jfwxon19ZOT9eSL6bvtY,Sweater Beats,43017,"['gauze pop', 'vapor twitch']",39
2TX325jFbZFpe2OGZNo4Lx,Markus,4384,['pinoy singer-songwriter'],23
3koiLjNrgRTNbOwViDipeA,Marvin Gaye,5195893,"['classic soul', 'motown', 'neo soul', 'northern soul', 'quiet storm', 'soul']",73
3fMbdgg4jU18AjLCKBhRSm,Michael Jackson,29161040,"['r&b', 'soul']",81
5BcAKTbp20cv7tC5VqPFoC,Macklemore & Ryan Lewis,2658223,"['pop rap', 'seattle hip hop']",73
2JLqTvFXmC87BksiCsBezV,Matt Terry,128030,['talent show'],40
1EUmQM6xgUQLUkJVcvSdey,Orange & Lemons,1203280,['opm'],61
3xbpJdoJDLAfYn3ZeLlukg,Bosx1ne,157471,"['pinoy hip hop', 'pinoy r&b', 'tagalog rap']",54
2U5mF0PZqGu6glnz55yY0y,John Roa,1477836,"['opm', 'p-pop']",60
6U1dBXJhC8gXFjamvFTmHg,Zac Efron,795175,"['hollywood', 'movie tunes', 'post-teen pop']",67
0touaoSr4QOLYxBJ9lmGgK,Karencitta,140013,"['pinoy edm', 'pinoy r&b', 'pinoy trap']",36
7HV2RI2qNug4EcQqLbCAKS,Keala Settle,154568,"['broadway', 'hollywood', 'show tunes']",62
7t0rwkOPGlDPEhaOcVtOt9,The Cranberries,3671400,"['irish rock', 'pop rock', 'rock']",73
17Do37U0HEbxu1tOrKH8dL,Nadine Lustre,239048,"['opm', 'p-pop', 'pinoy r&b']",49
6ogIjp0fsbUxlqy9q2rvrT,Shanti Dope,1715285,"['opm', 'pinoy hip hop', 'pinoy r&b', 'pinoy trap']",62
4WN5naL3ofxrVBgFpguzKo,Rudimental,1385560,"['pop dance', 'uk dance', 'uk funky']",68
3mPc8WGusz2XF3Tvs3AKCR,Carlie Hanson,480596,['alt z'],52
4GvEc3ANtPPjt1ZJllr5Zl,Bazzi,5556705,['pop'],71
0LyOADBjj28cbvJWTXUEGA,Loren Allred,147575,"['deep talent show', 'hollywood', 'movie tunes']",57
2cQr2KbzdRtIFlfbHGnNsL,Ziv Zaifman,12152,['show tunes'],54
5F1aoppMtU3OMiltO8ymJ2,Hugh Jackman,582898,"['hollywood', 'show tunes']",65
4k9wp4ipHdA1bu1T4x1ZTG,IV Of Spades,2805047,"['opm', 'p-pop', 'pinoy trap']",63
2LAqcqAQ8KPTsl1HBgBrqM,Michelle Williams,10740,['hollywood'],57
6Y20PijIkUoCtuvtkz37dO,Austyn Johnson,7025,['show tunes'],45
0vqJkZ0RpLZixt3lTmD8vP,Whethan,272104,"['electropop', 'hyperpop', 'indie electropop', 'indie poptimism', 'rage rap', 'vapor twitch']",66
6k0IBR0lU42s2GYpNX7kA9,Brian McKnight,1475545,"['contemporary r&b', 'quiet storm', 'r&b', 'urban contemporary']",58
3NRFinRTEqUCfaTTZmk8ek,Savage Garden,1215976,"['boy band', 'dance pop', 'pop rock']",63
4am1I89OWXUzFh4ctRLkdd,Elliott Yamin,121829,['idol'],42
2NzWRNaaLByHyI3wpuec8P,Jim Brickman,123468,"['new age', 'new age piano']",54
4TEJudQY2pXxVHPE3gD2EU,BlocBoy JB,1389472,"['memphis hip hop', 'rap', 'tennessee hip hop', 'trap']",58
5IcR3N7QB1j6KBL8eImZ8m,ScHoolboy Q,4629849,"['gangster rap', 'hip hop', 'pop rap', 'rap', 'southern hip hop', 'trap']",71
28ExwzUQsvgJooOI0X1mr3,Jay Rock,1455443,"['conscious hip hop', 'hip hop', 'rap', 'southern hip hop', 'trap']",71
4qFxP3qN9GsnZDOkAE6x2m,December Avenue,6174873,"['opm', 'pinoy pop punk']",64
5Rl15oVamLq7FbSb0NNBNy,5 Seconds of Summer,9737406,"['boy band', 'pop']",77
6ueGR6SWhUJfvEhqkvMsVs,Janelle Monáe,1416106,"['afrofuturism', 'alternative r&b', 'atl hip hop', 'neo soul', 'r&b']",68
23zg3TcAtWQy7J6upgbUnj,USHER,10872837,"['atl hip hop', 'contemporary r&b', 'dance pop', 'pop', 'r&b', 'rap', 'south carolina hip hop', 'urban contemporary']",79
0b1sIQumIAsNbqAoIClSpy,j-hope,16265754,"['k-pop', 'k-rap']",71
38CvLGTsjtoloDgv3OKQp8,Robinson,110886,"['alt z', 'nz pop']",44
3Hvxz2oZPYuo61ChHKcqQI,Autotelic,221935,"['opm', 'pinoy indie', 'pinoy rock']",39
5RR0MLwcjc87wjSw2JYdwx,MOMOLAND,4071402,"['k-pop', 'k-pop girl group']",53
6beUvFUlKliUYJdLOXNj9C,King Princess,1723855,"['alt z', 'indie pop', 'nyc pop']",58
3Isy6kedDrgPYoTS1dazA9,Sean Paul,4538225,"['dance pop', 'dancehall', 'pop', 'pop rap']",79
4mrrcDjpjUq27YEGwlisgs,Gracenote,42467,"['opm', 'pinoy indie', 'pinoy rock']",39
1tqhsYv8yBBdwANFNzHtcr,Lil Dicky,1967770,"['comedy rap', 'indie pop rap', 'pop rap']",59
3EOEK57CV77D4ovYVcmiyt,Dennis Lloyd,655726,['israeli pop'],65
33W1pnW9zScZtYTnAoWnOT,Mr. Probz,335667,['pop dance'],62
5wPoxI5si3eJsYYwyXV4Wi,N.E.R.D,823870,"['hip hop', 'virginia hip hop']",55
1pPmIToKXyGdsCF6LmqLmI,Rich The Kid,3157140,"['atl hip hop', 'melodic rap', 'plugg', 'rap', 'trap']",68
5jAMCwdNHWr7JThxtMuEyy,NOTD,296996,"['pop dance', 'pop edm']",63
3JXpwnHbLvXxY99EuXqFPX,Poo Bear,47897,['pop r&b'],54
7n2Ycct7Beij7Dj7meI4X0,TWICE,19130425,"['k-pop', 'k-pop girl group', 'pop']",79
3CjlHNtplJyTf9npxaPl5w,CHVRCHES,1382648,"['indietronica', 'metropopolis', 'neo-synthpop', 'shimmer pop']",62
2KU7pJgPoJC3uwJRZPYQ8G,BATE,1675,['malaysian indie'],18
25tMQOrIU4LlUo6Sv8v5SE,Gavin James,721615,['irish pop'],58
6l3HvQ5sa6mXTsMTB19rO5,J. Cole,21704039,"['conscious hip hop', 'hip hop', 'north carolina hip hop', 'rap']",86
5iNrZmtVMtYev5M9yoWpEq,Seeb,358655,['pop dance'],66
63gbXCha1jpkrJJ9K5gGpR,ELI,30555,['german pop'],40
3zDRCqOhJXJfS2YWOEwGMC,Christopher,379909,['danish pop'],62
0hCNtLu0JehylgoiP8L4Gh,Nicki Minaj,29970668,"['hip pop', 'pop', 'queens hip hop', 'rap']",86
6qqNVTkY8uBg9cP3Jd7DAH,Billie Eilish,87733755,"['art pop', 'pop']",88
1frSJ3BwjRHE9jgMRQV5wC,Zookeepers,8494,['bass trap'],42
7aD2Ni3fUu66gklUFlvJi5,Kyle Juliano,240496,['opm'],41
2ZuweXv0TkfsidZOLZZoM2,HEDEGAARD,79645,"['danish electronic', 'scandipop']",54
4ScCswdRlyA23odg9thgIO,Jess Glynne,3049749,"['dance pop', 'pop', 'uk pop']",71
39rKElzF7q6K4O2flycSEc,Chlara,49325,['channel pop'],43
2gBjLmx6zQnFGQJCAQpRgw,Nelly,2552955,"['dance pop', 'gangster rap', 'hip hop', 'pop rap', 'rap', 'st louis rap', 'urban contemporary']",74
5vBSrE1xujD2FXYRarbAXc,Years & Years,1982579,"['dance pop', 'gauze pop', 'pop', 'pop dance', 'uk pop']",66
2DaxqgrOhkeH0fpeiQq2f4,Oasis,9290036,"['beatlesque', 'britpop', 'madchester', 'permanent wave', 'rock']",75
2RdwBSPQiwcmiDo9kixcl8,Pharrell Williams,4305458,"['dance pop', 'pop']",78
3mIj9lX2MWuHmhNCA7LSCW,The 1975,6955744,"['modern alternative rock', 'modern rock', 'pop', 'pov: indie', 'rock']",76
4MCBfE4596Uoi2O4DtmEMz,Juice WRLD,31028750,"['chicago rap', 'melodic rap', 'rap']",86
5K4W6rqBFWDnAN6FQUkS6x,Kanye West,21693437,"['chicago rap', 'hip hop', 'rap']",90
5cYJYBMg1n71v7cvthr1SO,The Itchyworms,1411839,['opm'],57
5IH6FPUwQTxPSXurCrcIov,Alec Benjamin,4618012,"['alt z', 'pop', 'pov: indie']",74
7uMh23xWiuR7zsNkuNcm2G,MNEK,281451,"['house', 'pop dance', 'uk contemporary r&b', 'uk dance', 'uk pop']",68
1ySGjTzzgiL3khDY9awOGU,Andrea Babierra,1825,['opm'],17
1AhjOkOLkbHUfcHDSErXQs,88rising,924982,['asian american hip hop'],65
5LHRHt1k9lMyONurDHEdrp,Tyga,6957850,"['hip hop', 'pop rap', 'rap', 'trap']",79
4VMYDCV2IEDYJArk749S6m,Daddy Yankee,34145373,"['latin hip hop', 'reggaeton', 'trap latino', 'urbano latino']",85
20JZFwl6HVl6yg8a4H3ZqK,Panic! At The Disco,12051536,"['modern rock', 'pop']",76
4fpTMHe34LC5t3h5ztK8qu,The Carters,1616414,['r&b'],53
7HkdQ0gt53LP4zmHsL0nap,Ella Mai,5242208,"['r&b', 'rap', 'uk contemporary r&b']",69
3gIRvgZssIb9aiirIg0nI3,Jeremy Zucker,2218154,"['alt z', 'electropop', 'pop']",70
7CQwac16i1W5ej8YpuL3dv,Boyce Avenue,3197739,"['acoustic cover', 'neo mellow', 'viral pop']",67
40JlNF1w2OiSOyj1nC4y0I,Joseph Vincent,367738,['viral pop'],58
1uuV1avDy9Eup5gYHXVG05,Amber Leigh Irish,29021,['acoustic cover'],49
7HXBbxW6YwU8lvgBew2p2A,Matt Johnson,40617,['acoustic cover'],52
5JMLG56F1X5mFmWNmS0iAp,Chelsea Cutler,695183,['alt z'],67
6t1gpxYbY8OlLA7D2RiikQ,Loud Luxury,653044,"['edm', 'pop dance']",69
30mZI7Hw2MhoarTVYxfyZM,Unique Salonga,431966,"['opm', 'pinoy city pop', 'pinoy indie']",55
5CiGnKThu5ctn9pBxv7DGa,benny blanco,1074728,['pop'],70
5qRSs6mvI17zrkJpOHkCoM,iKON,3544950,"['k-pop', 'k-pop boy group']",60
1klFdLh3pak3eOtJP0styY,Triple H,498279,['k-pop'],35
4RUeoFWpDZ3IxGR7LYPoYN,Angelina Cruz,50262,['acoustic opm'],25
7tKpXx21KVUOR6vvDs6xtg,I Belong to the Zoo,2549229,['opm'],55
7gZfnEnfiaHzxARJ2LeXrf,6ix9ine,7004265,['emo rap'],70
3v6Ji4uoWtKRkhuDUaxi9n,Dynoro,262379,['edm'],65
7h4j9YTJJuAHzLCc3KCvYu,Kina Grannis,517616,"['acoustic pop', 'viral pop']",60
3QSQFmccmX81fWCUSPTS7y,Dean Lewis,2775729,"['australian pop', 'pop']",75
5Y8eJDj37KhaEeqbVO7Ag1,PRETTYMUCH,1301718,"['boy band', 'post-teen pop', 'teen pop']",56
6MXu7TWZnmykwkXiRJeUMh,Imago,955980,"['opm', 'pinoy rock']",48
3pTaNQJ7TAU4yL7KEZp5sF,Nyoy Volante,89468,['opm'],36
0Vw76uk7P8yVtTClWyOhac,HONNE,1538813,['uk pop'],62
5xuNBZoM7z1Vv8IQ6uM0p6,JoJo,2372331,"['dance pop', 'pop', 'post-teen pop']",60
4LcUpNlXFEleaLlelmkv2R,Kris Kross Amsterdam,217499,"['dutch house', 'dutch pop']",63
6auWB5YAlcKaHyrbTH66nd,No Rome,198696,['indietronica'],50
65XA3lk0aG9XejO8y37jjD,the bird and the bee,177780,['la indie'],45
1foL9hLC9M6U94dINtOYfb,Girls' Generation-Oh!GG,206558,"['k-pop', 'k-pop girl group']",39
2X97ZAqRKRMYFIDqtvGgGc,Silk City,79661,"['edm', 'uk dance']",53
4AVFqumd2ogHFlRbKIjp1t,Alesso,3991392,"['dance pop', 'edm', 'pop', 'pop dance', 'progressive electro house']",74
2NdeV5rLm47xAvogXrYhJX,Ciara,6378988,"['dance pop', 'hip pop', 'pop', 'r&b', 'urban contemporary']",70
30DIeQNV9s1HEXyuCpGF4l,Khel Pangilinan,792722,['opm'],49
3MZsBdqDrRTJihTHQrO6Dq,Joji,9001110,['viral pop'],80
13y7CgLHjMVRMDqxdx0Xdo,Gucci Mane,5080543,"['atl hip hop', 'dirty south rap', 'hip hop', 'pop rap', 'rap', 'southern hip hop', 'trap']",76
0n4a5imdLBN24fIrBWoqrv,Because,658230,"['opm', 'pinoy hip hop', 'pinoy r&b', 'pinoy trap', 'tagalog rap']",60
0p4nmQO2msCgU4IF37Wi3j,Avril Lavigne,10426973,"['canadian pop', 'candy pop', 'dance pop', 'pop']",75
2kCcBybjl3SAtIcwdWpUe3,Lil Peep,10811721,"['cloud rap', 'emo rap', 'lgbtq+ hip hop']",81
0a4r2EnsevvHCukoJ1xFwJ,juan karlos,1349791,['opm'],67
55Aa2cqylxrFIXC767Z865,Lil Wayne,14230921,"['hip hop', 'new orleans rap', 'pop rap', 'rap', 'trap']",85
5HIZU0JzM0AgfItVOm4E08,This Band,1893473,"['opm', 'p-pop']",52
5zctI4wO9XSKS8XwcnqEHk,Lil Mosey,5257339,"['melodic rap', 'rap conscient']",68
2TwRMSibtKhC7ZGypSl1el,Drei Raña,44595,['acoustic opm'],26
6sEgMZsruguWlnwVdiz4IX,Midnight Meetings,17387,['pinoy indie'],18
3bsQY9pFWVzUMxlSgGQuBn,Patch Quiwa,479469,['opm'],46
4q3ewBCX7sLwd24euuV69X,Bad Bunny,75759341,"['reggaeton', 'trap latino', 'urbano latino']",96
46SHBwWsqBkxI7EeeBEQG7,Kodak Black,9837050,"['florida drill', 'florida rap', 'melodic rap', 'miami hip hop', 'rap', 'trap', 'trap latino']",80
4npEfmQ6YuiwW1GpUmaq3F,Ava Max,6096842,['pop'],78
5Z1CCuBsyhEHngq3U5IraY,Westlife,3927854,['boy band'],68
2auC28zjQyVTsiZKNgPRGs,RM,15196193,['k-rap'],71
2cWZOOzeOm4WmBJRnD5R7I,Normani,2525359,"['pop', 'r&b']",67
1dfeR4HaWDbWqFHLkxsg1d,Queen,48764780,"['classic rock', 'glam rock', 'rock']",83
5r1tUTxVSgvBHnoDuDODPH,IZ*ONE,1987873,"['k-pop', 'k-pop girl group']",60
5CY0QKsbUBpQJIE2yycsYi,Lil Eddie,46479,[],45
4gOc8TsQed9eqnqJct2c5v,K/DA,2147064,['k-pop girl group'],63
3HqSLMAZ3g3d5poNaI7GOU,IU,8242478,"['k-pop', 'pop']",71
250b0Wlc5Vk0CoUsaCY84M,JENNIE,4197764,['k-pop'],74
042sjIstxjQz7xhDkEayIE,Lavaado,9950,[],20
20sxb77xiYeusSH8cVdatc,Meek Mill,7653560,"['hip hop', 'philly rap', 'pop rap', 'rap', 'southern hip hop', 'trap']",74
2JI8ViuZDBybY6Xd9ujUrb,Reese Lansangan,176822,"['opm', 'pinoy indie']",42
3hv9jJF3adDNsBSIQDqcjp,Mark Ronson,1046824,['pop soul'],73
3KovZIDNYgQY8chiNZo2ZF,Just Hush,480588,"['opm', 'pinoy r&b', 'pinoy trap']",56
4STHEaNw4mPZ2tzheohgXB,Paul McCartney,4570285,"['beatlesque', 'classic rock', 'mellow gold', 'rock']",69
49e4v89VmlDcFCMyDv9wQ9,Dean Martin,1556654,"['adult standards', 'easy listening', 'lounge', 'vocal jazz']",67
0qSX3s5pJnAlSsgsCne8Cz,Brett Eldredge,1463867,"['contemporary country', 'country', 'country road', 'modern country rock']",59
4x1nvY2FN8jxqAFA0DA02H,John Lennon,5691497,"['beatlesque', 'classic rock', 'rock']",68
7CyeXFnOrfC1N6z4naIpgo,The Ronettes,259052,"['brill building pop', 'classic girl group', 'motown', 'rock-and-roll']",58
5v8jlSmAQfrkTjAlpUfWtu,Perry Como,492823,"['adult standards', 'easy listening']",56
0MHgLfmQdutffmvWe5XBTN,Burl Ives,90147,"['adult standards', 'american folk revival']",48
77tT1kLj6mCWtFNqiOmP9H,Daryl Hall & John Oates,2241429,"['album rock', 'classic rock', 'heartland rock', 'mellow gold', 'rock', 'singer-songwriter', 'soft rock', 'yacht rock']",72
1x9aBTOQP8VjLBgKVm81K6,Nef Medina,1184,['opm'],28
7K78lVZ8XzkjfRSI7570FF,José Feliciano,368353,"['latin pop', 'puerto rican pop']",60
2lolQgalUvZDfp5vvVtTYV,Tony Bennett,872678,"['adult standards', 'easy listening', 'lounge', 'vocal jazz']",62
4ivXbUYuZslF08Ca5EuJGc,Kithara,10999,['opm'],18
5KEG7G8LDYlHgFDqZyEEs2,Chris Rea,950355,"['soft rock', 'sophisti-pop']",58
43ZHCT0cAZBISjO8DG9PnE,Elvis Presley,8818283,"['rock-and-roll', 'rockabilly']",77
3rXT3DX9OeNMfH8Thivxrk,Tres Hermanas,15063,['acoustic opm'],38
3eqjTLE0HfPfh78zjh6TqT,Bruce Springsteen,5907725,"['heartland rock', 'mellow gold', 'permanent wave', 'rock', 'singer-songwriter']",74
4RVnAU35WRWra6OZ3CbbMA,Kylie Minogue,1821244,"['australian dance', 'australian pop', 'dance pop', 'eurodance', 'new wave pop']",73
4QvYFzlTFZFg2904xx8gOu,Ariel Rivera,373671,"['classic opm', 'opm']",47
1l7ZsJRRS8wlW3WfJfPfNS,Christina Aguilera,7862379,"['dance pop', 'pop']",76
7or90S16MNx8VogdeOqlKq,Cocoy Claravall,2534,['pinoy singer-songwriter'],17
7guDJrEfX3qb6FEbdPA5qi,Stevie Wonder,6319224,"['motown', 'soul']",74
0hItVPjwJLVZrFqOyIsxPf,Judy Garland,237217,"['adult standards', 'torch song', 'vocal jazz']",47
0wi4yTYlGtEnbGo4ltZTib,Shakin' Stevens,135964,"['classic uk pop', 'rockabilly']",52
293zczrfYafIItmnmM3coR,Chuck Berry,1883093,"['blues', 'blues rock', 'classic rock', 'rock', 'rock-and-roll', 'rockabilly', 'soul']",65
0WleeEe3UurwlNbDGhb5Yz,ALLMO$T,898212,"['opm', 'pinoy hip hop', 'pinoy r&b', 'tagalog rap']",51
72nLe76yBFSlP6VBzME358,SHAUN,377425,['k-pop'],58
3KwmxIhSe9UTSEF37kwngR,SHAED,166219,['electropop'],58
0iqkVK6sTXi7DZWWOeKy8Q,PDL,131241,"['pinoy hip hop', 'pinoy r&b']",54
5KnoVkIUGmK0PiDKMjz2LM,Feder,205179,['new french touch'],53
7F9FobwEoTXZRdi1MAUFjX,Alex Gonzaga,61089,['opm'],24
6ioOEWNNGK40H8xrGj6XPW,XYLØ,365778,"['alt z', 'indie poptimism', 'la pop']",48
01pKrlgPJhm5dB4lneYAqS,Sigma,316320,"['dancefloor dnb', 'pop dance', 'uk dance']",58
1z7b1Pr1rSlvWRzsW3HOrS,Russ,4983181,['hawaiian hip hop'],76
4utLUGcTvOJFr6aqIJtYWV,Skylar Grey,587739,"['piano rock', 'viral pop']",66
31W5EY0aAly4Qieq6OFu6I,A Boogie Wit da Hoodie,7783592,"['melodic rap', 'rap', 'trap']",80
3hteYQFiMFbJY7wS0xDymP,Gesaffelstein,534210,['dark clubbing'],72
0cGUm45nv7Z6M6qdXYQGTX,Kehlani,7275911,"['pop', 'r&b', 'rap']",73
4GNC7GD6oZMSxPGyXy4MNB,Lewis Capaldi,11795244,"['pop', 'uk pop']",80
4sTQVOfp9vEMCemLw50sbu,Galantis,3396980,"['dance pop', 'edm', 'pop', 'pop dance']",69
2uhjpR62cyl0U8HD38yFQ8,JM De Guzman,154800,['opm'],38
2KC9Qb60EaY0kW4eH68vr3,ITZY,6026405,"['k-pop', 'k-pop girl group']",72
5e4Dhzv426EvQe3aDb64jL,Shania Twain,3033911,"['canadian country', 'canadian pop', 'contemporary country', 'country', 'country dawn']",72
6Ad91Jof8Niiw0lGLLi3NW,YUNGBLUD,2157173,"['british indie rock', 'modern rock', 'pov: indie', 'rock']",68
7bT6URJrhJleZUfkrysELD,Armi Millare,13886,"['pinoy indie', 'pinoy rock', 'pinoy singer-songwriter']",29
7aerdWadzubpu06Oxysg6R,Paolo Sandejas,74554,"['opm', 'pinoy indie']",42
43CiK1548VVp2DT95joswS,Billy Crawford,17128,"['opm', 'pinoy r&b']",34
1MIVXf74SZHmTIp4V4paH4,Mabel,1899013,"['pop', 'uk pop']",65
7gOdHgIoIKoe4i9Tta6qdD,Jonas Brothers,7268926,"['boy band', 'pop']",77
0ghlgldX5Dd6720Q3qFyQB,TOMORROW X TOGETHER,8822313,"['k-pop', 'k-pop boy group']",78
0haZhu4fFKt0Ag94kZDiz2,Sofía Reyes,3116699,"['latin pop', 'latin viral pop', 'mexican pop', 'reggaeton', 'urbano latino']",68
5qa31A9HySw3T7MKWI9bGg,FLETCHER,823676,"['alt z', 'pop']",63
6WY7D3jk8zTrHtmkqqo5GI,Maren Morris,771642,"['classic texas country', 'contemporary country']",70
1UvsiRB2EarPibq6XRl9Sv,Pricetagg,182279,"['pinoy hip hop', 'pinoy trap', 'tagalog rap']",49
7pbDxGE6nQSZVfiFdq9lOL,Rex Orange County,5667700,"['bedroom pop', 'pov: indie']",74
7jVv8c5Fj3E9VhNjxT4snq,Lil Nas X,12496994,['lgbtq+ hip hop'],76
57RB9qdhVRreynzLJ5tPkD,Avery,88,[],0
3ZZzT0naD25RhY2uZvIKkJ,EVERGLOW,1945559,"['k-pop', 'k-pop girl group']",61
3nlHsNqwCSvT988ZfSW1Yh,Ronan Keating,1046577,"['europop', 'talent show']",61
4HPuFCMUiNcV4f3ew0flbZ,Alisson Shore,330243,"['opm', 'pinoy r&b']",52
6USv9qhCn6zfxlBQIYJ9qs,Dominic Fike,1354447,"['alternative pop rock', 'pov: indie']",77
70ljCILl0aVXitf3K39YvT,Join The Club,350420,"['opm', 'pinoy rock']",48
56oDRnqbIiwx4mymNEv7dS,Lizzo,5655991,"['escape room', 'minnesota hip hop', 'pop', 'trap queen']",73
1WsYCXdezMjn0KoIrLvMmC,Ed Sheeran & Justin Bieber,2992,[],60
6vCnF48qqPHgVMBEvcbgkU,CLR,190036,"['pinoy alternative rap', 'pinoy hip hop', 'pinoy r&b', 'pinoy trap', 'tagalog rap']",48
6gcteR920pLEynlHzjSRYd,Kiyo,814589,"['opm', 'pinoy hip hop']",57
5DuzBeOgFwViFcv00Q5PFb,WINNER,2593597,"['k-pop', 'k-pop boy group']",53
2UeuiDT17tm6ljs9D4bSMX,Agsunta,808045,"['opm', 'pinoy rock']",47
4V8LLVI7PbaPR0K2TGSxFF,"Tyler, The Creator",12869141,"['hip hop', 'rap']",84
24CgJHK6T7C5OmUbiLLMjJ,Luh Kel,1081672,"['pop r&b', 'st louis rap']",56
0C8kbAJOGo7CHx8jDTyTfR,Mena Massoud,18953,"['movie tunes', 'show tunes']",48
2Zi3RrdQqk63Xj0914STkS,Naomi Scott,350823,"['movie tunes', 'post-teen pop', 'vapor pop']",59
5sy77gt4bfsLcSQ8GIe4ZZ,Alan Menken,120236,"['broadway', 'movie tunes', 'orchestral soundtrack']",61
50co4Is1HCEo8bhOyUWKpn,Young Thug,9043192,"['atl hip hop', 'atl trap', 'gangster rap', 'melodic rap', 'rap', 'trap']",84
7cVZApDoQZpS447nHTsNqu,LeeHi,1610450,['k-pop'],66
41qil2VaGbD194gaEcmmyx,Will Smith,908484,"['hip hop', 'pop rap']",65
7zYj9S9SdIunYCfSm7vzAR,JEON SOMI,2197301,['k-pop'],67
4rTv3Ejc7hKMtmoBOK1B4T,Ali Gatie,2097863,['canadian hip hop'],67
2Xr7M6vawpp6zwKOMU7iBU,Reneé Dominique,116328,['pinoy indie'],44
1dpv0XBdgUa5z4vzn7ahIz,Donnalyn,313066,['opm'],41
14scxEoUN7Dcx1m4EQ7oHe,Ashley O,60968,[],41
7oEWmZ9dKlAVxTgmjUbYr4,J Boog,292218,['kaneka'],57
3yzRiNMZdTsSUgplcyYZ4i,Blanco Brown,146223,"['black americana', 'country rap']",56
2OYCiru0FZMaAXWn6eL7MA,VVS Collective,31705,"['pinoy hip hop', 'pinoy trap', 'tagalog rap']",35
0YrWkiT8pKvEu71t5Yllj7,Arvey,42774,['pinoy hip hop'],36
71hhKLR9oCOsHLdRIoQ5OU,King Badger,167155,"['pinoy hip hop', 'pinoy trap', 'tagalog rap']",47
0HS00NN7MAfF59aJnfcxSO,Stephanie Poetri,554548,['indonesian pop'],54
6USMTwO0MNDnKte5a5h0xx,Y2K,295347,"['pop rap', 'viral rap']",59
1d8sE3eKAsuUHShVmIwK6d,Psychedelic Boyz,53179,"['pinoy alternative rap', 'pinoy hip hop', 'pinoy trap', 'tagalog rap']",28
4qIVPF0s71ZYW3qzhu5GkF,Kina,798011,"['sad lo-fi', 'slowed and reverb']",65
4Ga1P7PMIsmqEZqhYZQgDo,Lil Tecca,6421006,"['melodic rap', 'pluggnb', 'rap']",81
117XFtbZPnCI1EYKjYZWJc,Skusta Clee,1732870,"['opm', 'pinoy hip hop', 'tagalog rap']",65
2NjfBq1NflQcKSeiDooVjY,Tones And I,3028237,['australian pop'],69
181bsRPaVXVlUKXrxwZfHK,Megan Thee Stallion,8030794,"['houston rap', 'pop', 'r&b', 'rap', 'trap queen']",77
1juIpte4oHJ5ngVLPTUPuJ,Justin Vasquez,237292,"['opm', 'pinoy r&b']",48
1vcXQE9gZOF9PCAtdtT51L,Geo Ong,534588,"['pinoy alternative rap', 'pinoy hip hop', 'tagalog rap']",40
6C4irZ60X8G7UimMRQiCcg,X1,357716,['k-pop'],37
3g7vYcdDXnqnDKYFwqXBJP,SB19,849726,"['opm', 'p-pop', 'pinoy idol pop']",63
28B54RKpJrEmDoGSTjsfY6,Magnus Haven,500339,"['opm', 'p-pop']",50
7z5WFjZAIYejWy0NI5lv4T,Dan + Shay,3085645,"['contemporary country', 'country', 'country road']",72
5BHFSMEjfLVx1JwRWjAOsE,SuperM,2039461,['k-pop'],53
6ZdzYE3CEgY0Umgi3Dsgv8,Michael Dutchi Libranda,267590,['opm'],44
4ofCBoyEiGSePFAG500xev,Regard,225073,"['pop dance', 'pop edm', 'slap house', 'uk dance']",67
3lFMRWaEWZlfXdBig97kks,Nik Makino,623737,"['pinoy hip hop', 'pinoy trap']",52
0vRvGUQVUjytro0xpb26bs,Arizona Zervas,733087,"['indie pop rap', 'pop rap', 'rhode island rap']",63
7FBcuc1gsnv6Y1nwFtNRCb,My Chemical Romance,8021654,"['emo', 'modern rock', 'pop punk', 'pov: indie', 'rock']",76
4jpsw9CQS439N0B7SecMgf,Ant Saunders,85674,['chill r&b'],46
66W9LaWS0DPdL7Sz8iYGYe,JP Saxe,460834,"['alt z', 'canadian contemporary r&b', 'singer-songwriter pop']",66
7xX15v6ahAkcT14kHfB9wB,True Damage,114977,['k-rap'],46
73Np75Wv2tju61Eo9Zw4IR,Idina Menzel,439444,"['hollywood', 'movie tunes', 'show tunes']",67
7vwlQ7XElRyPMJQGUXBz4O,Tatak Pinoy All-Stars,10805,[],33
1SrWbIDP84JcSDr0oTBAQw,Matthaios,1041666,"['opm', 'pinoy hip hop', 'tagalog rap']",53
7KkqUt65v6LMtR369OQ6FB,Jonathan Groff,108349,"['broadway', 'hollywood', 'movie tunes', 'show tunes']",61
2kHxkdiKCSnHMkhIgFBZaI,Kristen Bell,86930,['movie tunes'],63
4dSQICBjdUIp5iK6RRU2bY,Josh Gad,30833,['movie tunes'],59
3MyB0MyKec3Jq0AH2llk7v,Evan Rachel Wood,25905,"['hollywood', 'movie tunes']",55
70kkdajctXSbqSMJbQO424,Kacey Musgraves,1250430,"['classic texas country', 'contemporary country', 'country dawn']",76
2SrSdSvpminqmStGELCSNd,Stormzy,2861859,"['grime', 'uk hip hop']",71
7uaIm6Pw7xplS8Dy06V6pT,Trevor Daniel,780442,['melodic rap'],64
4sEykiNSzZbkFkNXTb1bVd,Hotdog,61831,"['classic opm', 'manila sound']",41
1vVHevk2PD45epYnDi9CCc,Jack Stauber,1670246,"['hypnagogic pop', 'pittsburgh indie', 'pov: indie']",61
51Blml2LZPmy7TTiAg47vQ,U2,11654331,"['irish rock', 'permanent wave', 'rock']",77
6gbGGM0E8Q1hE511psqxL0,Ray J,720817,['pop rap'],53
391oLRVmoTkumiN79HkTWu,Darlene Love,52661,[],45
0XATRDCYuuGhk0oE7C0o5G,MAMAMOO,7243190,"['k-pop', 'k-pop girl group']",62
790FomKkXshlbRYZFtlgla,KAROL G,40734800,"['reggaeton', 'reggaeton colombiano', 'trap latino', 'urbano latino']",91
757aE44tKEUQEqRuT6GnEB,Roddy Ricch,9909764,"['melodic rap', 'rap', 'trap']",77
4r63FhuTkUYltbVAg5TQnk,DaBaby,11267713,"['hip hop', 'north carolina hip hop', 'pop rap', 'rap', 'trap']",79
4Gso3d4CscCijv0lmajZWs,Don Toliver,3329625,"['pop rap', 'rap', 'trap']",81
5cj0lLjcoR7YOSnhnX0Po5,Doja Cat,26781599,"['dance pop', 'pop']",89
4vxaQs6vK54nK89J1VtLex,PUBLIC,215412,['indie rockism'],57
4LLpKhyESsyAXpc4laK94U,Mac Miller,9643805,"['hip hop', 'pittsburgh rap', 'pop rap', 'rap']",82
1Bl6wpkWCQ4KVgnASpvzzA,BROCKHAMPTON,2150178,"['boy band', 'rap']",65
2kxP07DLgs4xlWz8YHlvfh,NIKI,2924214,['indonesian r&b'],75
1LZEQNv7sE11VDY3SdxQeN,Bee Gees,7281844,"['disco', 'mellow gold', 'soft rock']",76
3gz6bSc7rsT9g4cB7r4xac,Young Vito,636,[],1
2EGJbNf0Hva2C2N6hvhMXD,Soulstice,72117,"['pinoy hip hop', 'tagalog rap']",34
4XpUIb8uuNlIWVKmgKZXC0,ZICO,1345771,"['k-pop', 'korean r&b']",59
6Rx1JKzBrSzoKQtmbVmBnM,Hayley Williams,663551,['art pop'],66
137W8MRPWKqSmrBGDBFSop,Wiz Khalifa,11289888,"['hip hop', 'pittsburgh rap', 'pop rap', 'rap', 'southern hip hop', 'trap']",80
4ETSs924pXMzjIeD6E9b4u,Surfaces,908662,['bedroom soul'],66
060TqET6tyyfAQLXDyIDD8,Raf Davis,69834,"['pinoy hip hop', 'pinoy trap']",44
4xXCRXOfQKQ2gjWxNhNzYW,Air Supply,4104481,['soft rock'],68
6bmlMHgSheBauioMgKv2tn,Powfu,1212614,"['sad lo-fi', 'sad rap']",68
3PDFGpPl4ienSn5Vwisfrh,Flow G,1460437,"['pinoy hip hop', 'pinoy r&b', 'tagalog rap']",68
7dxr6AabRWhsfYRyVJlErK,MC Einstein,138923,"['pinoy hip hop', 'tagalog rap']",52
0Cp8WN4V8Tu4QJQwCN5Md4,BENEE,768897,"['alt z', 'nz pop']",64
3JsHnjpbhX4SnySpvpa9DK,V,15639509,"['j-division', 'korean ost']",84
2Q9c6ETFOkDDTy53U7DIgr,Maximillian,521109,['gen z singer-songwriter'],53
74cb3MG0x0BOnYNW1uXYnM,Hillsong UNITED,3874248,"['ccm', 'christian music', 'world worship', 'worship']",69
4tw2Lmn9tTPUv7Gy7mVPI4,Kenny Rogers,2605444,"['classic country pop', 'country', 'nashville sound']",67
0H39MdGGX6dbnnQPt6NQkZ,SAINt JHN,1005018,"['melodic rap', 'slap house']",67
1Do4bSzfUl0KWL9r1fITu0,Yoon Mirae,287680,"['k-pop', 'korean ost', 'korean pop', 'korean r&b']",53
6dhfy4ByARPJdPtMyrUYJK,Yerin Baek,600496,['korean pop'],56
0xRXCcSX89eobfrshSVdyu,MEDUZA,676321,"['edm', 'pop dance', 'pop house', 'uk dance']",76
3r0NbTTxtCBUyxcIR4prXr,Jr Crown,130735,"['pinoy hip hop', 'tagalog rap']",46
3FwNjtXQCdxpDOXmgJQGnG,Emman,290468,"['opm', 'pinoy hip hop', 'tagalog rap']",47
2HPaUgqeutzr3jx5a9WyDV,PARTYNEXTDOOR,5832207,"['r&b', 'rap', 'urban contemporary']",78
1lmU3giNF3CSbkVSQmLpHQ,Surf Mesa,163327,['pop edm'],60
3O5HD95HTEPgoPFOjAb7yV,DripReport,102811,['viral rap'],50
2TJHmhbmT7L3gw2NKyDTHh,Manu Pilas,39374,[],50
2AfmfGFbe0A0WsTYm0SDTx,(G)I-DLE,7566818,['k-pop girl group'],76
6eJqAWJdd8JhAN1pQGie4r,Casting Crowns,1976709,"['ccm', 'christian alternative rock', 'christian music']",64
6L1XC7NrmgWRlwAeLJvVtA,Sam Fischer,252483,"['australian pop', 'singer-songwriter pop']",62
6nfDaffa50mKtEOwR8g4df,GOT7,6759398,"['k-pop', 'k-pop boy group']",59
3ybZTNrlK0QhL4rBxfLHOc,Gaho,360647,['k-pop'],53
2PaZWGu5T5nHjY2xxAkFsT,THE SCOTTS,190981,['viral rap'],56
59IohbmVWokN339BcxYt1S,Danzz,217,[],3
63yrD80RY3RNEM2YDpUpO8,Melanie Martinez,18540041,"['alt z', 'electropop', 'pop']",79
3qNVuliS40BLgXGxhdBdqu,TAEYEON,2823647,['k-pop'],65
19POcrtA9EM2Bvlgf19VPu,Brian Pepito,2277,"['bisaya rap', 'vispop']",36
27CDb3SwK4OdTI0YrGR9vH,Tanya Manalang,1739,[],32
5TnQc2N1iKlFjYD7CPGvFc,DAY6,3219678,"['k-pop', 'k-pop boy group']",61
4YXNoMVTHRt01jYaKXTumJ,Raiden,74651,['korean electronic'],50
76BiSFOr2qBMR7TtLxOG5o,Gian Magdangal,1053,[],26
5RmQ8k4l3HZ8JoPb4mNsML,Agust D,13015509,['k-rap'],73
7f4ignuCJhLXfZ9giKT7rH,NCT 127,7220965,"['k-pop', 'k-pop boy group']",71
1XLWox9w1Yvbodui0SRhUQ,StaySolidRocky,175849,['melodic rap'],58
6kyw9sh7ryjy1GQdPYH3Yd,Juan Caoile,72437,"['pinoy hip hop', 'tagalog rap']",39
52gTrzyF0DyfkFl1DQz9Oq,Music Hero,117207,"['opm', 'p-pop']",47
6sFHvCyqklnJpXC9Nh1aag,Alexander 23,403254,"['alt z', 'singer-songwriter pop']",60
4ufh0WuMZh6y4Dmdnklvdl,BAEKHYUN,2676210,['k-pop'],62
0imE3buPhAowREqCrr4CYe,Peach Tree Rascals,220363,['pov: indie'],55
7uDdl5V5AETSFY7K3muu22,Arthur Nery,3955702,"['cdo indie', 'opm', 'p-pop']",67
19vSzy8s8Vc04MWTqExkLN,Ajay Stephens,15508,[],26
1slszTGbkp1uNnI6G5uD0X,BANG YE DAM,217821,[],39
56mfhUDKa1vec6rSLZV5Eg,Jawsh 685,114250,['nz pop'],59
7vPGzgDg3qGUY5bWtrO3K4,Conkarah,76656,['jawaiian'],50
3f0X043zSojego7Qn4Yi6U,Ace Banzuelo,420673,"['opm', 'p-pop', 'pinoy r&b']",52
0u6GtibW46tFX7koQ6uNJZ,Topic,217725,"['german dance', 'pop dance', 'pop edm', 'uk dance']",73
7Dhd8nNMvFdye1R3Y8wE6C,Lil Vinceyy,12463,"['pinoy hip hop', 'tagalog rap']",32
7nqOGRxlXj7N2JYbgNEjYH,SEVENTEEN,10389249,"['k-pop', 'k-pop boy group']",78
2dIgFjalVxs4ThymZ67YCE,Stray Kids,12978896,"['k-pop', 'k-pop boy group', 'pop']",82
7bmYpVgQub656uNTu6qGNQ,HWASA,4477431,"['k-pop', 'korean talent show']",65
3JDG63cSaK3xgDnB2H55Xp,Audrey Mika,165024,['modern indie pop'],49
2M4mQMnLHQQXsFsRmTTqsR,Jana Garcia,1083,['pinoy singer-songwriter'],20
0NIPkIjTV8mB795yEIiPYL,Wallows,2553689,['pov: indie'],69
6bwp9ObI8FWvMPCIWVBmhl,Red Velvet - IRENE & SEULGI,734430,['k-pop'],49
36cIRruPdUPW82OmPWVUQ7,Michael Bars,3442,[],22
6741jcSlgsv0M3B4ruIPS5,EXO-SC,1226609,"['k-pop', 'k-pop boy group']",44
2JbE7jUIGtpXSzytnyMg6U,Curtis Waters,88782,[],49
5ENj57ble0bsG2s6C0vVkc,Alessandra De Rossi,2153,[],30
2IDLDx25HU1nQMKde4n61a,Rich Brian,2185877,['indonesian hip hop'],67
5GoU6Zkbt3w10nTYq6vBQh,Twenty-Nine Eleven,14259,[],17
2LIk90788K0zvyj2JJVwkJ,Jack Harlow,3029019,"['deep underground hip hop', 'kentucky hip hop', 'pop rap', 'rap']",83
4Uc8Dsxct0oMqx0P6i60ea,Conan Gray,8477702,"['bedroom pop', 'pop', 'pov: indie']",78
3KonOYiLsU53m4yT7gNotP,TREASURE,3054724,['k-pop boy group'],67
4BBN286rBKyCWsSPq2cxYO,Sam Kim,439600,"['k-pop', 'korean r&b']",57
1KP6TWI40m7p3QBTU6u2xo,BØRNS,1202349,"['indie poptimism', 'modern alternative rock', 'modern rock', 'pov: indie']",67
6iWghHqk07KYuZWB21Ff4i,Jem Macatuno,19741,['pinoy singer-songwriter'],41
4slXciON4jYY6mqE9LjSFx,Bandang Lapis,523927,"['opm', 'p-pop']",57
45dkTj5sMRSjrmBSBeiHym,Tate McRae,3840244,"['alt z', 'pop']",82
6fWVd57NKTalqvmjRd2t8Z,24kGoldn,2096406,"['cali rap', 'pop rap']",70
0eDvMgVFoNV3TpwtrVCoTj,Pop Smoke,13071984,"['brooklyn drill', 'rap']",80
0ZVAv3drBuIRSc88ATH6UK,DJ Noiz,110003,"['dubsteppe', 'nz hip hop', 'pacific islands pop']",51
3Q2ya2vGeOhQ9CaF9wWNP6,Shane Filan,173640,['irish pop'],51
6DiAVYfSzZi8h1fGuTD6LI,Jimmy Bondoc,478631,['opm'],45
6DgP9otnZw5z6daOntINxp,Joel Corry,369782,"['dance pop', 'pop dance', 'uk dance']",73
1W7FNibLa0O0b572tB2w7t,Pink Sweat$,1793104,['bedroom soul'],67
3QJUFtGBGL05vo0kCJZsmT,salem ilese,333375,"['alt z', 'modern indie pop']",62
3wVXTWabe3viT0jF7DfjOL,Vedo,427612,['pop r&b'],61
3hB5x7E5sQzBHuG3xiqmUC,Logan Harris,2235,[],0
5R4HkjoZdxW3ZoVGC0e0qD,Julian Sean,38188,['opm'],36
3ID2V4b0oGSEbwPENAsdbG,Gagong Rapper,3499,[],24
6MPCFvOQv5cIGfw3jODMF0,Internet Money,748922,['pop rap'],68
021sXp6RH5MQCCp2hmal6q,Jom,52909,['pinoy r&b'],43
3V0ZQW0dNuVaFtbVYgSI24,Claire Rosinkranz,386766,"['alt z', 'modern indie pop']",60
7MPGCB854Qo4alYMOPkBka,Ritt Momney,131929,['bedroom pop'],57
7dFzqx2qyelGPiBKmdSEOT,Rob Deniel,307683,"['opm', 'p-pop', 'pinoy singer-songwriter']",58
543f0NvGig5Moo9XROTUur,Ebe Dancel,143168,"['opm', 'pinoy rock']",47
2C9n4tQgNLhHPhSCmdsQnk,David Archuleta,548830,"['idol', 'lds youth', 'post-teen pop']",53
3l0CmX0FuQjFxr8SK7Vqag,Clairo,4188519,"['bedroom pop', 'indie pop', 'pov: indie']",76
3paGCCtX1Xr4Gx53mSeZuQ,NCT U,4204993,"['k-pop', 'k-pop boy group']",68
4zrB9WV6Z0iKKnGb1Pj0P2,AJ Rafael,162041,['viral pop'],50
0qlWcS66ohOIi0M8JZwPft,GFRIEND,1577823,"['k-pop', 'k-pop girl group']",59
1r4hJ1h58CWwUQe3MxPuau,Maluma,34764642,"['latin pop', 'reggaeton', 'reggaeton colombiano', 'trap latino', 'urbano latino']",85
6YVMFz59CuY7ngCxTxjpxE,aespa,3822544,"['k-pop', 'k-pop girl group']",74
20DZAfCuP1TKZl5KcY7z3Q,SLANDER,441560,"['brostep', 'dubstep']",65
2JyNzzFJh2wkkZo7ZjMSs2,JM Bales,9384,[],34
50ifAXDdkDGG0RTON2If8K,Slapshock,197335,"['pinoy metal', 'pinoy rock']",44
5t5FqBwTcgKTaWmfEbwQY9,ENHYPEN,6698069,"['anime', 'k-pop boy group']",77
6iVo62B0bdTknRcrktCmak,KAI,1303781,['k-pop'],63
7IlRNXHjoOCgEAWN5qYksg,Aya Nakamura,4296262,"['basshall', 'pop urbaine', 'r&b francais']",69
7MmIC8lbUdmL6c05M63KF6,The Rossman Ensemble,177,[],17
2tIP7SsRs7vjIcLrU85W8J,The Kid LAROI,4783824,['australian hip hop'],78
6XpaIBNiVzIetEPCWDvAFP,Whitney Houston,9704815,['pop'],75
4QQgXkCYTt3BlENzhyNETg,"Earth, Wind & Fire",4072898,"['disco', 'funk', 'jazz funk', 'soul']",72
0bBz5bRBkExaej2HxtVfCw,347aidan,446666,['sad rap'],64
05YVYeV4HxYp5rrWalvuE1,"Grover Washington, Jr.",321031,['soul jazz'],62
1McMsnEElThX1knmY4oliG,Olivia Rodrigo,28971343,['pop'],91
0ZUvK7zGdXLd78mQr3t1Tw,Ricky Montgomery,1598096,"['la indie', 'pop', 'pov: indie']",68
1HkpK55jsORzgtOURbOeQH,1096 Gang,89431,"['pinoy hip hop', 'tagalog rap']",44
4fxd5Ee7UefO4CUXgwJ7IP,Giveon,3222696,['r&b'],76
0TnOYISbd1XYRBk9myaseg,Pitbull,10355037,"['dance pop', 'miami hip hop', 'pop']",82
1IQ4CjwKkdARjL5KtYiMt4,Ez Mil,146954,['pinoy trap'],56
2Cm26ufVCzZu7XVrLH3P6O,Hey Its Je,26360,"['pinoy hip hop', 'tagalog rap']",44
5WHKBKrvTBMPoQX3v3Bq8J,Leah Nobel,19201,['nashville singer-songwriter'],42
2joIhhX3Feq47H4QXVDOr3,RINI,714857,"['australian r&b', 'bedroom soul', 'chill r&b']",59
2d3VHzlOEwXvmBdS4pzOPL,LeAnn Rimes,1331985,"['country', 'country dawn', 'country road']",60
3Z02hBLubJxuFJfhacLSDc,Bryan Adams,3322025,"['canadian pop', 'canadian singer-songwriter', 'classic canadian rock', 'heartland rock', 'mellow gold', 'soft rock']",74
6gezkje7GoJlQbHBgLXHuu,Destiny Rogers,153902,[],52
6cK3NBO6uP7hh0oyuVELFl,Saweetie,1903553,"['cali rap', 'trap queen']",68
6jGMq4yGs7aQzuGsMgVgZR,Lil Tjay,7278459,"['brooklyn drill', 'melodic rap', 'nyc rap', 'rap']",79
1U1el3k54VvEUzo3ybLPlM,Kali Uchis,5431851,['colombian pop'],84
4RA4PC3WHM9OHZLExirTcU,APO Hiking Society,904516,"['classic opm', 'opm']",56
1uU7g3DNSbsu0QjSEqZtEd,Masked Wolf,688469,['australian hip hop'],64
7yaaxrkMOWJZXpIYHkppDH,Angela Ken,42683,['pinoy singer-songwriter'],40
1tM4ox3QsSpl3R2VwLjJ47,Larissa Lambert,49284,['chill r&b'],50
3eVa5w3URK5duf6eyVDbu9,ROSÉ,4570863,['k-pop'],65
6l880dxsvN2x5wiceaG6D0,Rico Blanco,639556,"['opm', 'pinoy rock']",53
2vnB6tuQMaQpORiRdvXF9H,Beach Bunny,1208865,"['bubblegrunge', 'chicago indie', 'indie pop', 'pov: indie']",68
3klZnJvYGIbWritVwQD434,Duncan Laurence,505956,['dutch pop'],66
1WgXqy2Dd70QQOU7Ay074N,AURORA,3230322,"['art pop', 'norwegian pop']",72
0FRUZvZNPzM3YJMABJxf2K,WENDY,858524,"['k-pop', 'korean pop']",52
67IN4cLJ7798gUapyZlmac,Zack Tabudlo,3411471,"['acoustic opm', 'opm', 'p-pop']",71
6AgTAQt8XS6jRWi4sX7w49,Polo G,10221501,"['chicago rap', 'rap']",81
73B9bjqS2Z5KLXNGqXf64m,Weeekly,566459,['k-pop'],51
3pc0bOVB5whxmD50W79wwO,keshi,3117203,['chill r&b'],74
3ZSbXArE6mxOleJnsumK4u,eAeon,172314,"['k-indie', 'korean electropop']",46
3aQeKQSyrW4qWr35idm0cy,T-Pain,4552030,"['dance pop', 'gangster rap', 'hip hop', 'pop rap', 'r&b', 'rap', 'southern hip hop', 'trap', 'urban contemporary']",76
1mCY2mHctggfYiEqpCgcSz,Bonnie Bailey,7600,[],35
1gBUSTR3TyDdTVFIaQnc02,NCT DREAM,7278499,"['k-pop', 'k-pop boy group']",73
4qXC0i02bSFstECuXP2ZpL,Blxst,433374,"['pop rap', 'westcoast flow']",69
1DlYnIiliftt6R21Y5NOW2,Adie,2307946,['opm'],66
26cMerAxjx9GedFt0lMDjm,Bella Poarch,1154183,['modern alternative pop'],64
2WgfkM8S11vg4kxLgDY3F5,StarBoi3,29656,['viral rap'],51
3Dr5ezvDdYsycy1gfaZWSL,raven,43849,[],34
0UntV1Bw2hk3fbRrm9eMP6,B.I,713843,['k-pop'],60
043r4OwwUAYREkBLK5jAiV,FM Static,259571,"['canadian ccm', 'canadian pop punk', 'christian punk']",50
0sYpJ0nCC8AlDrZFeAA7ub,JOY,718317,['k-pop'],50
5GVk1KCKa1tdHRev4bMw7V,NOBITA,1425476,['opm'],59
7d86ERlvO5UG44j7Va0Y0C,Pamungkas,5219798,"['indonesian pop', 'indonesian singer-songwriter']",69
1mcTU81TzQhprhouKaTkpq,Rauw Alejandro,18920875,"['puerto rican pop', 'reggaeton', 'trap latino', 'urbano latino']",87
3RqBeV12Tt7A8xH3zBDDUF,Kelsea Ballerini,1097848,"['contemporary country', 'country']",70
1bgvuzIjHq12cBsfXCoEBe,Nightbirde,202745,[],43
2LkkwxA19J8C52wPQl5bG6,Jamie Miller,496666,"['pop soul', 'singer-songwriter pop']",65
0lAWpj5szCSwM4rUMHYmrr,Måneskin,7967449,"['indie rock italiano', 'italian pop']",79
6feZH59Dj4tl1bQ8D2gukz,Donell Lewis,41460,"['nz hip hop', 'pacific islands pop']",46
4B65DA1kjKLdgTJydNNDHB,8 Ballin',12591,"['pinoy hip hop', 'pinoy trap', 'tagalog rap']",32
70NcAr4ZtA3FAqU16iQZSb,dhruv,541350,['nyc pop'],67
4wP1kxjUsc9IR4Iy2smL7o,Trinidad Cardona,205906,['sped up'],59
4yvcSjfu4PC0CYQyLy4wSq,Glass Animals,3911708,"['gauze pop', 'indietronica', 'modern rock', 'pov: indie', 'shiver pop']",74
52zMTJCKluDlFwMQWmccY7,LOONA,2458154,"['k-pop', 'k-pop girl group']",58
7gXy60xRcwYujBFoYHnR2O,Big Red Machine,148307,"['eau claire indie', 'folktronica']",54
2kRfqPViCqYdSGhYSM9R0Q,Madison Beer,5984883,['pop'],73
2Ev7vtPI38BE2kQvwmH4ce,Arthur Miguel,553294,['opm'],64
404RA7nuwzYA8WskpMgUp1,Belle Mariano,209512,['opm'],56
3kft86DbqCNr7rjq3pEj0G,Sarah Cothran,286141,['gen z singer-songwriter'],57
2CQZr2RPZmrcvDnaod1ldC,D.O.,1814148,['k-pop'],68
4OBJLual30L7gRl5UkeRcT,T.I.,4722661,"['atl hip hop', 'dirty south rap', 'gangster rap', 'hip hop', 'pop rap', 'rap', 'southern hip hop', 'trap']",73
70ZTdbPEcEugBNay4MvxfL,Bread,1576113,"['folk rock', 'mellow gold', 'singer-songwriter', 'soft rock']",64
7gXb99Sf9nNmpNYeAgIQFG,Sub Urban,1555461,['modern indie pop'],65
56OjNTX2bkrdGcB0staUOV,A-Wall,61177,['bedroom pop'],55
5GdspZ491zr64zzwVJJjJZ,Shehyee,110267,"['opm', 'pinoy hip hop']",41
4NslYs4dIwJjyAmfak2Yc2,Lipip,16506,"['pinoy r&b', 'tagalog rap']",43
7okSU80WTrn4LXlyXYbX3P,Clinton Kane,890545,"['alt z', 'gen z singer-songwriter']",64
3OGOEwy4VOWKjSAcdiY8Gf,Lance Santdas,14100,"['pinoy hip hop', 'tagalog rap']",42
51sob9QZyfLff9XqvYluN5,Sezairi,112459,"['singaporean pop', 'singaporean singer-songwriter']",52
6TLwD7HPWuiOzvXEa3oCNe,Oliver Tree,2352774,['alternative hip hop'],74
41X1TR6hrK8Q2ZCpp2EqCz,bbno$,1280045,"['canadian hip hop', 'dark trap', 'meme rap']",71
01XYiBYaoMJcNhPokrg0l0,STAYC,1541813,"['k-pop', 'k-pop girl group']",64
5L1lO4eRHmJ7a0Q6csE5cT,LISA,5263065,['k-pop'],74
2M1iyuNJojQoNdyfIMr54j,jikamarie,28943,['pinoy r&b'],40
2kCO8LXN1usaOPL3iEE28I,Tai Verdes,768287,"['modern indie pop', 'singer-songwriter pop']",65
64H8UqGLbJFHwKtGxiV8OP,THE ANXIETY,159837,['modern alternative pop'],58
3PhoLpVuITZKcymswpck5b,Elton John,12376930,"['glam rock', 'mellow gold', 'piano rock', 'rock']",81
048LktY5zMnakWq7PTtFrz,CKay,1364269,"['afro r&b', 'afrobeats']",68
1FtBEIWAwvw5ymBen5GICR,Chlöe,340115,['contemporary r&b'],60
3uwAm6vQy7kWPS2bciKWx9,girl in red,6431056,"['bedroom pop', 'indie pop', 'norwegian indie', 'pov: indie']",75
4pfy05cNNTacuOQ6SiSu4v,Lyn Lapid,539306,['gen z singer-songwriter'],61
027TpXKGwdXP7iwbjUSpV8,The Walters,554116,"['chicago indie', 'pov: indie']",69
64k5e9kV9MdukXjFrR5R37,Jessi,1843413,['k-pop'],59
35R1B97CfrqKFFI3QBkTDx,RealestK,316216,[],60
7c1HgFDe8ogy5NOZ1ANCJQ,"Car, the garden",155464,"['k-indie', 'korean pop']",49
1h6Cn3P4NGzXbaXidqURXs,Swedish House Mafia,3813363,"['edm', 'pop dance', 'progressive electro house']",75
1Cd373x8qzC7SNUg5IToqp,BoyWithUke,3733484,['sad rap'],75
0hDjKSKjl1DC7ovYTDJHe8,Bruno Major,1254250,['singer-songwriter pop'],66
42daDEQTdYaqtHG5sH5HMD,Celina Sharma,29451,[],47
5vV3bFXnN6D6N3Nj4xRvaV,JIN,7019578,['k-pop'],70
7zkwepHPyac6tCYl0fL0co,ASTN,291192,['bedroom soul'],58
22wbnEMDvgVIAGdFeek6ET,Benson Boone,697752,['singer-songwriter pop'],71
4XDi67ZENZcbfKnvMnTYsI,Jay Park,2033706,"['k-pop', 'k-rap', 'korean r&b']",65
21UPYSRWFKwtqvSAnFnSvS,Amaarae,231459,"['afro r&b', 'afrobeats', 'alternative r&b', 'ghanaian alternative', 'ghanaian pop']",65
2VSHKHBTiXWplO8lxcnUC9,GAYLE,591157,['modern alternative pop'],65
6QrQ7OrISRYIfS5mtacaw2,Jaymes Young,900767,['indie poptimism'],67
051S1Ka6cz3BQ5kobDhIvj,M Zhayt,9547,"['pinoy hip hop', 'tagalog rap']",33
6RHTUrRF63xao58xh9FXYJ,IVE,2943110,['k-pop girl group'],75
31fsDbpNPKe346urriO4ma,mrld,455008,['opm'],62
71szvmFWd7TUa7b6XmXj9k,Emmy Meli,161800,['alt z'],51
4pnp4w9g30yLfVIAFnZMRd,ACRAZE,104225,"['pop dance', 'tech house']",65
5Qnl3RAtzne7J1dxRv1UBc,NCT 2021,262493,[],41
1Hcbuz175YJT1vMX4DnS6E,Bugoy Na Koykoy,254331,"['pinoy alternative rap', 'pinoy hip hop', 'tagalog rap']",50
67lytN32YpUxiSeWlKfHJ3,Yung Lean,853805,"['cloud rap', 'psychedelic hip hop', 'underground hip hop']",66
72Nhcx7prNk2ZCxhx0Y5es,Amy Grant,221045,['christian music'],52
60glra0QYcARAJr4OeJVNP,blondette,2150,[],64
29PgYEggDV3cDP9QYTogwv,Carolina Gaitán - La Gaita,52742,['movie tunes'],57
329e4yvIujISKGKz1BZZbO,Farruko,15726186,"['reggaeton', 'trap latino', 'urbano latino']",82
7i9j813KFoSBMldGqlh2Z1,Riton,118455,"['house', 'pop dance', 'uk dance']",66
2l35CQqtYRh3d8ZIiBep4v,MKTO,1053167,"['pop', 'post-teen pop']",64
4vdAAzZBUKbsrvHi6UR7B7,Jessica Darrow,18907,['movie tunes'],55
18MFcGBHtyW0mU3ufcm0X1,Diane Guerrero,6817,['movie tunes'],59
6uNxlIP5lzPFf0BHuELOuX,GOT the beat,638158,['k-pop'],52
5R7AMwDeroq6Ls0COQYpS4,Kep1er,1322416,['k-pop'],59
4TdiASPlU3QdZvGQBothcQ,WOOZI,221469,[],41
1NRzxuPpdGushT8YmF5NAa,Edison Lighthouse,45385,[],56
5PYToRCsrnvikZg3yl2JMr,Stephanie Beatriz,41251,"['hollywood', 'movie tunes']",63
2qnQOnL1oLKtH779qZ6iuR,Ylona Garcia,127590,['opm'],42
6SKusTjOAPsTZ6kareKQdm,TAEYONG,1187415,['k-pop'],60
07YUOmWljBTXwIseAUd9TW,Sebastian Yatra,22655945,"['colombian pop', 'latin pop', 'reggaeton', 'reggaeton colombiano', 'urbano latino']",80
79AyR6ATpj2LTPxfb6FX50,Lauren Spencer Smith,1176914,"['alt z', 'gen z singer-songwriter']",70
4t5uGGNiFjujYEEyVVDEwc,Alfie Castley,24233,[],40
73BLwSX6gsNeVzS7DgI4xe,grentperez,447350,['bedroom r&b'],64
35CFI6iSFTyM0scQKBu8eE,Kim Kyung Hee,25641,['korean ost'],43
09wV1iFg4DBtreMGzepTaE,Gatton,105767,['gen z singer-songwriter'],51
6sCbFbEjbYepqswM1vWjjs,Zendaya,4315166,"['pop', 'post-teen pop']",69
2hlmm7s2ICUX0LVIhVFlZQ,Gunna,6061079,"['atl hip hop', 'melodic rap', 'rap', 'trap']",85
7tjVFCxJdwT4NdrTmjyjQ6,Muni Long,287083,['indie r&b'],69
70DFixYAFPv4Pf9kgSfR9O,MARK,607690,['k-pop'],48
6SuhlH2L1NB53bBscBqAdu,David Pomeranz,232996,['classic opm'],55
6HaGTQPmzraVmaVxvz6EUc,Jung Kook,10372776,['k-pop'],88
3KV3p5EY4AvKxOlhGHORLg,Jeremih,6601516,"['chicago rap', 'pop rap', 'r&b', 'trap', 'urban contemporary']",73
6tbjWDEIzxoDsBA1FuhfPW,Madonna,7300599,"['dance pop', 'pop']",79
2W8yFh0Ga6Yf3jiayVxwkE,Dove Cameron,4447268,['pop'],71
2P3aLwJ41aRYkyFFw2FRM7,Sam Concepcion,177882,['opm'],46
3b1iS74Wn1vc8DMDoxXu3s,J-King,16810,"['pinoy hip hop', 'tagalog rap']",37
48vmXfV0QPy3ljXBp81Fwn,Coyote Theory,126557,['pov: indie'],61
28ot3wh4oNmoFOdVajibBl,NMIXX,1981984,"['k-pop', 'k-pop girl group']",66
7o2ZQYM7nTsaVdkXY38UAA,Em Beihold,376814,"['alt z', 'gen z singer-songwriter']",73
164Uj4eKjl6zTBKfJLFKKK,JVKE,3224020,"['modern indie pop', 'pov: indie', 'singer-songwriter pop']",78
4ZZiDxjlriIvH5WQtzFMVk,Ghetto Gecko,94334,"['pinoy hip hop', 'tagalog rap']",47
2zgF783l4A3tMjr081z1wt,Nica del Rosario,12292,[],31
7LzHjduJmIQZGQsh8luHkD,Zae,33488,"['pinoy hip hop', 'pinoy trap']",35
1dFRlDO2Z2gjAARxHlovAS,Lo ki,317680,"['pinoy alternative rap', 'pinoy hip hop', 'pinoy r&b', 'tagalog rap']",57
3rdJ1bFvwgZw2XZkimg5dW,Young Cocoa,14530,[],39
67MNhiAICFY6Pwc2YxCO0K,Elley Duhé,464106,['alt z'],74
3rWZHrfrsPBxVy692yAIxF,WILLOW,2334245,"['afrofuturism', 'pop', 'post-teen pop', 'pov: indie']",70
4eKq7eArL96wSQjaaMg9Ic,Munimuni,685007,"['opm', 'pinoy indie']",56
4Kxlr1PRlDKEB0ekOCyHgX,BIGBANG,5204717,"['k-pop', 'k-pop boy group']",63
2HPqVfdPh9JkBSlFG5hK6h,anees,494641,[],61
7qmpXeNz2ojlMl2EEfkeLs,Nicky Youre,189387,['singer-songwriter pop'],68
3jjbX9cm5Np3ekAypS71si,Cliff,6572,[],44
1oSPZhvZMIrWW5I41kPkkY,Jimin,6712426,['k-pop'],83
3L1qgTsUqavkiygkIKfWJD,Denise Julia,111164,[],58
581C5Qwl87TskfBEzuoisu,Cafuné,193481,"['brooklyn indie', 'sped up']",64
33rSKWwmnBGNLBipO7E7oM,Gabriel Valenciano,2234,[],10
2dd5mrQZvg6SmahdgVKDzh,PSY,1684940,"['k-rap', 'korean old school hip hop']",62
5uRUbTUQysRUR7PUy7pimM,Ric Segreto,72919,['classic opm'],52
4SpbR6yFEvexJuaBpgAU5p,LE SSERAFIM,3218311,['k-pop girl group'],75
5XKFrudbV4IiuE5WuTPRmT,Stephen Sanchez,919023,['gen z singer-songwriter'],75
6XUGs69dkSiTUQCBdpiT31,Agat,1475,[],17
69bG9tC62d8oTFC9aTTosn,New West,287045,['toronto indie'],70
1vfezMIyCr4XUdYRaKIKi3,Keyshia Cole,3720098,"['hip pop', 'r&b', 'urban contemporary']",68
1aSxMhuvixZ8h9dK9jIDwL,Kate Bush,1756945,"['art pop', 'art rock', 'baroque pop', 'new wave pop', 'permanent wave', 'piano rock', 'singer-songwriter']",68
3jNm5wvIx1eR5NDdXhMkNV,Duke & Jones,56835,['uk dance'],50
4Ly0KABsxlx4fNj63zJTrF,Seafret,888819,['folk-pop'],69
1VwDG9aBflQupaFNjUru9A,NAYEON,1329418,['k-pop'],61
29zSTMejPhY0m7kwNQ9SPI,Lola Amour,776756,['opm'],67
4fwuXg6XQHfdlOdmw36OHa,Paloma Faith,1212609,"['british soul', 'talent show', 'uk pop']",66
53A0W3U0s8diEn9RhXQhVz,Keane,3150551,"['neo mellow', 'piano rock', 'pop rock']",72
57vWImR43h4CaDao012Ofp,Steve Lacy,3729846,['afrofuturism'],81
2YOYua8FpudSEiB9s88IgQ,Yung Gravy,1623615,"['meme rap', 'minnesota hip hop']",68
46xBNx0j6cwY6sD9LgMTm1,Rosa Linn,305319,['alt z'],69
6HvZYsbFfjnjFrWF950C9d,NewJeans,5681027,"['k-pop', 'k-pop girl group']",84
0Sadg1vgvaPqGTOjxu0N6c,Girls' Generation,2509623,"['k-pop', 'k-pop girl group']",62
7Ln80lUS6He07XvHI8qqHH,Arctic Monkeys,21960173,"['garage rock', 'modern rock', 'permanent wave', 'rock', 'sheffield indie']",86
1Qp56T7n950O3EGMsSl81D,Ghost,2749693,"['hard rock', 'metal']",75
6bDWAcdtVR3WHz2xtiIPUi,Fujii Kaze,2681170,['japanese teen pop'],72
5kjFzBMHeoAx9xksFSwfUW,yuji,181971,[],60
6vbKIm1WsvhMMDpthYONc1,Balming Tiger,65022,['k-rap'],47
3mzdfGKp0mQXzuNoS8z915,Cookie$,51100,"['bisaya rap', 'pinoy hip hop']",46
0z4gvV4rjIZ9wHck67ucSV,Akon,4059403,['dance pop'],80
2owtRYReKCG1n2AAS5AcpS,Kenaniah,132182,[],55
5y8tKLUfMvliMe8IKamR32,d4vd,1812270,"['bedroom pop', 'bedroom r&b']",77
0DpLoyGVbhOHNR3ht2oO9y,Calein,278977,['pinoy city pop'],59
2QM5S4yO6xHgnNvF0nbZZq,SEULGI,1069233,['k-pop'],55
2EMAnMvWE2eb56ToJVfCWs,Bryson Tiller,7580445,"['kentucky hip hop', 'r&b', 'rap']",78
3WyQJx169swY8v3htgAqaK,Calvin De Leon,22025,"['pinoy hip hop', 'tagalog rap']",50
3sXwEUqxSzb11VpuFa5cvJ,Stacey Ryan,157928,[],60
46pWGuE3dSwY3bMMXGBvVS,Rema,3292927,"['afrobeats', 'nigerian pop']",78
6bVVssXSh08il9SKx18XOA,Wilbert Ross,39631,[],38
6lxMgbHCSwSRL4LuoUkAJQ,The Endorphins,7101,['swedish electropop'],37
0f2YkMXwFNJNSX7MymevKE,Kaash Paige,396379,['contemporary r&b'],65
360IAlyVv4PCEVjgyMZrxK,Miguel,4841538,"['r&b', 'urban contemporary']",78
0iEtIxbK0KxaSlF7G42ZOp,Metro Boomin,5822691,['rap'],87
0jUQSUOcM7lxVn5eVGTkzQ,Justine Skye,803294,"['pop r&b', 'r&b']",67
4bLLB1dbsRVUTcMpnDGDO2,SunKissed Lola,539551,"['opm', 'pinoy indie rock']",63
78rUTD7y6Cy67W1RVzYs7t,PinkPantheress,2483486,['bedroom pop'],77
4wjgqUtfS9TNfMHhjEqAb7,PLAYERTWO,16240,[],49
0r63ReVRjxrS4ATbLrdcrL,Hoàng Thùy Linh,866580,['v-pop'],54
5KKpBU5eC2tJDzf0wmlRp2,RAYE,1029811,"['uk contemporary r&b', 'uk pop']",79
0LcJLqbBmaGUft1e9Mm8HV,ABBA,11085065,"['europop', 'swedish pop']",78
3MdXrJWsbVzdn6fe5JYkSQ,Latto,1246094,['trap queen'],84
5FxD8fkQZ6KcsSYupDVoSO,Omar Apollo,875173,"['bedroom pop', 'bedroom soul']",69
1CFjJMSXKmctvTXBA6uQkE,iluna,62663,[],50
3zMIe4QuRLRn7JDkxBeENc,VNCE,11039,"['pinoy hip hop', 'tagalog rap']",46
13VRqzYJxIUpx67aASZADe,Soapdish,240355,"['opm', 'pinoy rock']",48
6udveWUgX4vu75FF0DTrXV,TAEYANG,1279431,"['k-pop', 'korean r&b']",66
61nn6nOoLWjVC1ER2qFAvN,Cup of Joe,334232,"['opm', 'pinoy city pop']",63
7kjSuFGKhLm8b5qXoMhRkJ,Libianca,347081,['afrobeats'],70
0WU77FbXaPSbcMcrOSJQXc,Adrian Milanio,17255,[],29
716NhGYqD1jl2wI1Qkgq36,Bizarrap,12860679,"['argentine hip hop', 'pop venezolano', 'trap argentino', 'trap latino', 'urbano latino']",85
3IJ21966TwNZI24MwZHMu4,Baby Tate,385506,['trap queen'],66
6AMd49uBDJfhf30Ak2QR5s,Coi Leray,649710,"['new jersey underground rap', 'trap queen']",75
3XGlotxI2yAE3RV0DX6oD2,Noah Alejandre,35543,[],48
0LOK81e9H5lr61HlGGHqwA,XG,921558,['k-pop girl group'],70
4LT250S0fAe4cYqPbRk56m,Cean Jr.,60824,"['pinoy hip hop', 'pinoy r&b']",62
1uAT5bTSp6dWbNmixIUP5t,BSS,390188,['k-pop'],58
45n4dyhe8nXULBDb6wHSXe,Zia Quizon,15868,['opm'],49
35l9BRT7MXmM8bv2WDQiyB,beabadoobee,2573576,"['bedroom pop', 'bubblegrunge', 'indie pop', 'pov: indie']",75
6Ge3YISmUWPCUcSVx8VGor,Keenan Te,212344,['gen z singer-songwriter'],61
1GmsPCcpKgF9OhlNXjOsbS,Lizzy McAlpine,685764,"['alt z', 'boston folk', 'indie pop', 'singer-songwriter pop']",72
6Dp4LInLyMVA2qhRqQ6AGL,Dilaw,323954,[],62
6Dg35SGkgpUJ2hGAYrx5Qa,Jeff Grecia,44825,[],53
1chOgh5tgwfiyJ2zhUHwBj,Dionela,141546,[],57
4GJ6xDCF5jaUqD6avOuQT6,FIFTY FIFTY,1293782,['k-pop girl group'],73
4NsbfTEC3nOcc0vOpZ1rRc,HELLMERRY,112813,"['pinoy hip hop', 'tagalog rap']",62
6UZ0ba50XreR4TM8u322gs,JISOO,1788392,['k-pop'],68
7xj1YIDzHU6vkUwP76NEyx,Music Factory,52096,['sped up'],62
4TaSvnT5o4REFwhqfrmK27,imase,459956,['japanese teen pop'],66
6ygKuZFz2sRggPZRaLHVHD,Aziz Hedra,70648,['indonesian pop'],65
61OfH8eB8aJIc9T98cecNT,Sugarcane,192374,[],58
33NVpKoXjItPwUJTMZIOiY,David Kushner,1392163,['gen z singer-songwriter'],77
00xU4wfephkJrjwJPDvfkf,O.C. Dawgs,852188,"['opm', 'pinoy hip hop', 'pinoy r&b', 'tagalog rap']",52
5Sl45F8O81fgx7Zvn7XiLg,Toni Fowler,15666,[],29
68URuxUxsFzcPp2y3j0kjW,Shoti,113113,[],60
4E2rKHVDssGJm2SCDOMMJB,Doechii,350688,['alternative r&b'],72
7gW0r5CkdEUMm42w9XpyZO,Laufey,1889023,['gen z singer-songwriter'],79
1Qwm4EmOYuY34nAFfeEUOa,Dro Perez,9242,[],48
3cAaV8C5Lgdvtib9ub4EGs,OLG Zak,37751,['pinoy drill'],52
3HsVtnnjOUToyJThxaoBfx,Halle,140454,[],59
0XRPxTyrrVeDXLt6Wxw4UD,rhodessa,60191,[],61
311uEW9rt5g2NmzjGEKS2E,Mae Stephens,142851,['singer-songwriter pop'],67
4O19i2jHEjPyz17BeiwbDp,O SIDE MAFIA,244664,['pinoy drill'],62
3R80OE4RViOWbnuvqh0j8a,thuy,268415,"['bedroom r&b', 'chill r&b']",64
5069JTmv5ZDyPeZaCCXiCg,wave to earth,1093677,['korean city pop'],74
3X0zRsFy2Mbq10BTmhLjun,Teys,11028,[],56
52D0Fi29GcObaFnweqsV6d,Sassa Gurl,29191,[],53
1YRqgFNXqRyMDRr8ClS1NL,Kaliii,224976,"['rap', 'viral rap']",66
1UA8gmDdRTIn1SIswEIAXg,Yno,25832,[],51
14AlQdTUuzYESzQYKU6QIE,Nateman,103555,['pinoy drill'],55
3d0hhzHPK0jA5mKTeFIZc5,Realest Cram,88856,[],62
5I3uAFbAOhuVSKdrcG5mgy,Sugarfree,865472,"['opm', 'pinoy rock']",54
6EigliA66uumHSob7cOG1y,Jed Baruelo,15556,[],58
1bvOB4esBO2VFoCnaEheBO,DĖMI,33442,[],61
57yOAX6apIrclpBG736Uy2,CK YG,72885,"['pinoy hip hop', 'tagalog rap']",61
6AvnL2gWjNYs1hRVJx4huK,Maki,32368,[],59
43mQpC11b5yKRPDURZOC76,Baby Blood,46496,[],52
0lPbEIq95kQF2Xlbbp0y4B,Sica,59135,"['pinoy hip hop', 'tagalog rap']",56
0GFan310xKLCUaxx8hcthQ,NOHESI,9148,[],48
7F1iAHRYxR3MY7yAEuFqgL,JIHYO,389555,[],65
3IIpbS5XHnLSdXTP4c1YN2,фрози,47687,[],63
5xRllYZrqUU5by4KMyz9cY,Healy After Dark,23547,[],50
4zpGxqF6oI1h3f6Md2v42T,Hev Abi,105383,[],65
3nzuTlht25poVMvBz8bOne,Adriana Venti,1373,[],37
2WzWSpOB41g3gb78Raj6RK,gins&melodies,29641,[],56
62CyDMdOyI53kBCXfplnZy,Arthur Miguel,69,[],24
7IECoRDgYFidTg3vhiL0sC,Tu$ Brother$,59193,"['pinoy drill', 'pinoy hip hop', 'pinoy trap', 'tagalog rap']",58
292Oy1KXnsfQVwobYewyHR,OURGRND,708,[],47
4CUQubNxrznvOLWuWDxsuN,E.J,7283,[],49
2uYWxilOVlUdk4oV9DvwqK,Mitski,5342600,"['brooklyn indie', 'pov: indie']",82
2KdFoq4IBXMzfia4ZCLDIs,TONEEJAY,44067,['pinoy indie'],48
3SozjO3Lat463tQICI9LcE,Tyla,143731,[],70
47mIJdHORyRerp4os813jD,League of Legends,1687910,"['speedrun', 'video game music']",77
7uMDnSZyUYNBPLhPMNuaM2,Kenya Grace,298389,['singer-songwriter pop'],77
6U3ybJ9UHNKEdsH7ktGBZ7,JID,1355504,"['hip hop', 'pop rap', 'rap', 'underground hip hop']",76
